Workbook

Sheet analyze
A1: sto/bto | B1: price | C1: short-term max | D1: short-term min | E1: short-term success | F1: STS % | G1: long-term max | H1: short-term min | I1: long-term success | J1: LTS % | K1: =titled!W3 -> goodvolume | L1: =titled!X3 -> rsi | M1: =titled!Y3 -> rsi-1 | N1: =titled!Z3 -> rsi-2 | O1: =titled!AA3 -> rsi-3 | P1: =titled!AB3 -> rsi-4 | Q1: =titled!AC3 -> dvi | R1: =titled!AD3 -> dvi-1 | ... BI1: =titled!BU3 -> vold[50]/M | CA1: drsi | CB1: ddvi | CC1: drs
A7: ='raw data'!D7 -> bto | B7: ='raw data'!F7 -> 9.82 | C7: =MAX('raw data'!G7:P7) -> 9.8 | D7: =MIN('raw data'!H7:Q7) -> 9.725 | E7: =IF($A7="bto",analyze!C7-'raw data'!F7,IF($A7="sto",'raw data'!F7-analyze!D7,0)) -> -0.02 | F7: =IF(B7>0,E7/B7,0) -> -0.0020366599 | G7: =MAX('raw data'!R7:V7) -> 10.085 | H7: =MIN('raw data'!R7:V7) -> 9.7381 | I7: =IF(A7="bto",analyze!G7-B7,IF(A7="sto",B7-analyze!H7,0)) -> 0.265 | J7: =IF(B7>0,I7/B7,0) -> 0.026985743 | K7: ='raw data'!W7 -> 0.1535 | L7: ='raw data'!X7 -> 48.2988 | M7: ='raw data'!Y7 -> 40.023 | N7: ='raw data'!Z7 -> 43.5067 | O7: ='raw data'!AA7 -> 43.5067 | P7: ='raw data'!AB7 -> 39.5063 | Q7: ='raw data'!AC7 -> -1.155 | R7: ='raw data'!AD7 -> -1.2343 | ... BI7: ='raw data'!BU7 -> 368.5387 | CA7: =$L7-$P7 -> 8.7925 | CB7: =$Q7-$U7 -> -0.0478 | CC7: =$X7-$AB7 -> 0.4543
A8: ='raw data'!D8 -> Sell to Close | B8: ='raw data'!F8 -> 9.73 | C8: =MAX('raw data'!G8:P8) -> 38676.417 | D8: =MIN('raw data'!H8:Q8) -> -0.1 | E8: =IF($A8="bto",analyze!C8-'raw data'!F8,IF($A8="sto",'raw data'!F8-analyze!D8,0)) -> 0 | F8: =IF(B8>0,E8/B8,0) -> 0 | G8: =MAX('raw data'!R8:V8) -> 0 | H8: =MIN('raw data'!R8:V8) -> 0 | I8: =IF(A8="bto",analyze!G8-B8,IF(A8="sto",B8-analyze!H8,0)) -> 0 | J8: =IF(B8>0,I8/B8,0) -> 0 | K8: ='raw data'!W8 -> 0 | L8: ='raw data'!X8 -> 0 | M8: ='raw data'!Y8 -> 0 | N8: ='raw data'!Z8 -> 0 | O8: ='raw data'!AA8 -> 0 | P8: ='raw data'!AB8 -> 0 | Q8: ='raw data'!AC8 -> 0 | R8: ='raw data'!AD8 -> 0 | ... BI8: ='raw data'!BU8 -> 0 | CA8: =$L8-$P8 -> 0 | CB8: =$Q8-$U8 -> 0 | CC8: =$X8-$AB8 -> 0
A9: ='raw data'!D9 -> bto | B9: ='raw data'!F9 -> 9.821 | C9: =MAX('raw data'!G9:P9) -> 9.835 | D9: =MIN('raw data'!H9:Q9) -> 9.81 | E9: =IF($A9="bto",analyze!C9-'raw data'!F9,IF($A9="sto",'raw data'!F9-analyze!D9,0)) -> 0.014 | F9: =IF(B9>0,E9/B9,0) -> 0.0014255167 | G9: =MAX('raw data'!R9:V9) -> 10.1419 | H9: =MIN('raw data'!R9:V9) -> 9.771 | I9: =IF(A9="bto",analyze!G9-B9,IF(A9="sto",B9-analyze!H9,0)) -> 0.3209 | J9: =IF(B9>0,I9/B9,0) -> 0.03267488 | K9: ='raw data'!W9 -> 0.4361 | L9: ='raw data'!X9 -> 73.8257 | M9: ='raw data'!Y9 -> 67.8365 | N9: ='raw data'!Z9 -> 66.4443 | O9: ='raw data'!AA9 -> 61.171 | P9: ='raw data'!AB9 -> 58.9742 | Q9: ='raw data'!AC9 -> -1.2664 | R9: ='raw data'!AD9 -> -1.368 | ... BI9: ='raw data'!BU9 -> -116.3051 | CA9: =$L9-$P9 -> 14.8515 | CB9: =$Q9-$U9 -> 0.1996 | CC9: =$X9-$AB9 -> 0.5107
A10: ='raw data'!D10 -> Sell to Close | B10: ='raw data'!F10 -> 9.82 | C10: =MAX('raw data'!G10:P10) -> 38676.465 | D10: =MIN('raw data'!H10:Q10) -> -0.1 | E10: =IF($A10="bto",analyze!C10-'raw data'!F10,IF($A10="sto",'raw data'!F10-analyze!D10,0)) -> 0 | F10: =IF(B10>0,E10/B10,0) -> 0 | G10: =MAX('raw data'!R10:V10) -> 0 | H10: =MIN('raw data'!R10:V10) -> 0 | I10: =IF(A10="bto",analyze!G10-B10,IF(A10="sto",B10-analyze!H10,0)) -> 0 | J10: =IF(B10>0,I10/B10,0) -> 0 | K10: ='raw data'!W10 -> 0 | L10: ='raw data'!X10 -> 0 | M10: ='raw data'!Y10 -> 0 | N10: ='raw data'!Z10 -> 0 | O10: ='raw data'!AA10 -> 0 | P10: ='raw data'!AB10 -> 0 | Q10: ='raw data'!AC10 -> 0 | R10: ='raw data'!AD10 -> 0 | ... BI10: ='raw data'!BU10 -> 0 | CA10: =$L10-$P10 -> 0 | CB10: =$Q10-$U10 -> 0 | CC10: =$X10-$AB10 -> 0
A11: ='raw data'!D11 -> bto | B11: ='raw data'!F11 -> 9.85 | C11: =MAX('raw data'!G11:P11) -> 9.9199 | D11: =MIN('raw data'!H11:Q11) -> 9.85 | E11: =IF($A11="bto",analyze!C11-'raw data'!F11,IF($A11="sto",'raw data'!F11-analyze!D11,0)) -> 0.0699 | F11: =IF(B11>0,E11/B11,0) -> 0.0070964467 | G11: =MAX('raw data'!R11:V11) -> 10.16 | H11: =MIN('raw data'!R11:V11) -> 9.9481 | I11: =IF(A11="bto",analyze!G11-B11,IF(A11="sto",B11-analyze!H11,0)) -> 0.31 | J11: =IF(B11>0,I11/B11,0) -> 0.031472081 | K11: ='raw data'!W11 -> 0.4377 | L11: ='raw data'!X11 -> 73.8073 | M11: ='raw data'!Y11 -> 67.0806 | N11: ='raw data'!Z11 -> 61.8745 | O11: ='raw data'!AA11 -> 59.7129 | P11: ='raw data'!AB11 -> 57.5748 | Q11: ='raw data'!AC11 -> -1.1135 | R11: ='raw data'!AD11 -> -1.2209 | ... BI11: ='raw data'!BU11 -> -136.6705 | CA11: =$L11-$P11 -> 16.2325 | CB11: =$Q11-$U11 -> 0.2542 | CC11: =$X11-$AB11 -> 0.3951
A12: ='raw data'!D12 -> Sell to Close | B12: ='raw data'!F12 -> 9.85 | C12: =MAX('raw data'!G12:P12) -> 38676.483 | D12: =MIN('raw data'!H12:Q12) -> -0.1 | E12: =IF($A12="bto",analyze!C12-'raw data'!F12,IF($A12="sto",'raw data'!F12-analyze!D12,0)) -> 0 | F12: =IF(B12>0,E12/B12,0) -> 0 | G12: =MAX('raw data'!R12:V12) -> 0 | H12: =MIN('raw data'!R12:V12) -> 0 | I12: =IF(A12="bto",analyze!G12-B12,IF(A12="sto",B12-analyze!H12,0)) -> 0 | J12: =IF(B12>0,I12/B12,0) -> 0 | K12: ='raw data'!W12 -> 0 | L12: ='raw data'!X12 -> 0 | M12: ='raw data'!Y12 -> 0 | N12: ='raw data'!Z12 -> 0 | O12: ='raw data'!AA12 -> 0 | P12: ='raw data'!AB12 -> 0 | Q12: ='raw data'!AC12 -> 0 | R12: ='raw data'!AD12 -> 0 | ... BI12: ='raw data'!BU12 -> 0 | CA12: =$L12-$P12 -> 0 | CB12: =$Q12-$U12 -> 0 | CC12: =$X12-$AB12 -> 0
A13: ='raw data'!D13 -> bto | B13: ='raw data'!F13 -> 9.885 | C13: =MAX('raw data'!G13:P13) -> 9.9345 | D13: =MIN('raw data'!H13:Q13) -> 9.875 | E13: =IF($A13="bto",analyze!C13-'raw data'!F13,IF($A13="sto",'raw data'!F13-analyze!D13,0)) -> 0.0495 | F13: =IF(B13>0,E13/B13,0) -> 0.0050075873 | G13: =MAX('raw data'!R13:V13) -> 10.1219 | H13: =MIN('raw data'!R13:V13) -> 9.9019 | I13: =IF(A13="bto",analyze!G13-B13,IF(A13="sto",B13-analyze!H13,0)) -> 0.2369 | J13: =IF(B13>0,I13/B13,0) -> 0.023965604 | K13: ='raw data'!W13 -> 0.3474 | L13: ='raw data'!X13 -> 72.3818 | M13: ='raw data'!Y13 -> 63.3361 | N13: ='raw data'!Z13 -> 61.4664 | O13: ='raw data'!AA13 -> 59.6367 | P13: ='raw data'!AB13 -> 78.1817 | Q13: ='raw data'!AC13 -> -0.9751 | R13: ='raw data'!AD13 -> -1.0476 | ... BI13: ='raw data'!BU13 -> -140.0745 | CA13: =$L13-$P13 -> -5.7999 | CB13: =$Q13-$U13 -> 0.0001 | CC13: =$X13-$AB13 -> 0.1094
A14: ='raw data'!D14 -> Sell to Close | B14: ='raw data'!F14 -> 9.94 | C14: =MAX('raw data'!G14:P14) -> 38676.489 | D14: =MIN('raw data'!H14:Q14) -> -0.05 | E14: =IF($A14="bto",analyze!C14-'raw data'!F14,IF($A14="sto",'raw data'!F14-analyze!D14,0)) -> 0 | F14: =IF(B14>0,E14/B14,0) -> 0 | G14: =MAX('raw data'!R14:V14) -> 0 | H14: =MIN('raw data'!R14:V14) -> 0 | I14: =IF(A14="bto",analyze!G14-B14,IF(A14="sto",B14-analyze!H14,0)) -> 0 | J14: =IF(B14>0,I14/B14,0) -> 0 | K14: ='raw data'!W14 -> 0 | L14: ='raw data'!X14 -> 0 | M14: ='raw data'!Y14 -> 0 | N14: ='raw data'!Z14 -> 0 | O14: ='raw data'!AA14 -> 0 | P14: ='raw data'!AB14 -> 0 | Q14: ='raw data'!AC14 -> 0 | R14: ='raw data'!AD14 -> 0 | ... BI14: ='raw data'!BU14 -> 0 | CA14: =$L14-$P14 -> 0 | CB14: =$Q14-$U14 -> 0 | CC14: =$X14-$AB14 -> 0
A15: ='raw data'!D15 -> bto | B15: ='raw data'!F15 -> 9.925 | C15: =MAX('raw data'!G15:P15) -> 9.99 | D15: =MIN('raw data'!H15:Q15) -> 9.925 | E15: =IF($A15="bto",analyze!C15-'raw data'!F15,IF($A15="sto",'raw data'!F15-analyze!D15,0)) -> 0.065 | F15: =IF(B15>0,E15/B15,0) -> 0.0065491184 | G15: =MAX('raw data'!R15:V15) -> 10.195 | H15: =MIN('raw data'!R15:V15) -> 9.91 | I15: =IF(A15="bto",analyze!G15-B15,IF(A15="sto",B15-analyze!H15,0)) -> 0.27 | J15: =IF(B15>0,I15/B15,0) -> 0.02720403 | K15: ='raw data'!W15 -> 0.2843 | L15: ='raw data'!X15 -> 65.0379 | M15: ='raw data'!Y15 -> 57.9349 | N15: ='raw data'!Z15 -> 69.2533 | O15: ='raw data'!AA15 -> 68.6824 | P15: ='raw data'!AB15 -> 64.9018 | Q15: ='raw data'!AC15 -> -0.7341 | R15: ='raw data'!AD15 -> -0.7973 | ... BI15: ='raw data'!BU15 -> -151.807 | CA15: =$L15-$P15 -> 0.1361 | CB15: =$Q15-$U15 -> 0.0729 | CC15: =$X15-$AB15 -> 0.2066
A16: ='raw data'!D16 -> Sell to Close | B16: ='raw data'!F16 -> 9.92 | C16: =MAX('raw data'!G16:P16) -> 38676.5 | D16: =MIN('raw data'!H16:Q16) -> -0.05 | E16: =IF($A16="bto",analyze!C16-'raw data'!F16,IF($A16="sto",'raw data'!F16-analyze!D16,0)) -> 0 | F16: =IF(B16>0,E16/B16,0) -> 0 | G16: =MAX('raw data'!R16:V16) -> 0 | H16: =MIN('raw data'!R16:V16) -> 0 | I16: =IF(A16="bto",analyze!G16-B16,IF(A16="sto",B16-analyze!H16,0)) -> 0 | J16: =IF(B16>0,I16/B16,0) -> 0 | K16: ='raw data'!W16 -> 0 | L16: ='raw data'!X16 -> 0 | M16: ='raw data'!Y16 -> 0 | N16: ='raw data'!Z16 -> 0 | O16: ='raw data'!AA16 -> 0 | P16: ='raw data'!AB16 -> 0 | Q16: ='raw data'!AC16 -> 0 | R16: ='raw data'!AD16 -> 0 | ... BI16: ='raw data'!BU16 -> 0 | CA16: =$L16-$P16 -> 0 | CB16: =$Q16-$U16 -> 0 | CC16: =$X16-$AB16 -> 0
A17: ='raw data'!D17 -> bto | B17: ='raw data'!F17 -> 10.01 | C17: =MAX('raw data'!G17:P17) -> 10.035 | D17: =MIN('raw data'!H17:Q17) -> 10.0031 | E17: =IF($A17="bto",analyze!C17-'raw data'!F17,IF($A17="sto",'raw data'!F17-analyze!D17,0)) -> 0.025 | F17: =IF(B17>0,E17/B17,0) -> 0.0024975025 | G17: =MAX('raw data'!R17:V17) -> 10.23 | H17: =MIN('raw data'!R17:V17) -> 9.885 | I17: =IF(A17="bto",analyze!G17-B17,IF(A17="sto",B17-analyze!H17,0)) -> 0.22 | J17: =IF(B17>0,I17/B17,0) -> 0.021978022 | K17: ='raw data'!W17 -> 0.7744 | L17: ='raw data'!X17 -> 72.1336 | M17: ='raw data'!Y17 -> 65.35 | N17: ='raw data'!Z17 -> 59.8168 | O17: ='raw data'!AA17 -> 54.2506 | P17: ='raw data'!AB17 -> 54.2506 | Q17: ='raw data'!AC17 -> -0.3664 | R17: ='raw data'!AD17 -> -0.4628 | ... BI17: ='raw data'!BU17 -> -154.4497 | CA17: =$L17-$P17 -> 17.883 | CB17: =$Q17-$U17 -> 0.1429 | CC17: =$X17-$AB17 -> 0.6519
A18: ='raw data'!D18 -> Sell to Close | B18: ='raw data'!F18 -> 10.17 | C18: =MAX('raw data'!G18:P18) -> 38676.519 | D18: =MIN('raw data'!H18:Q18) -> 0 | E18: =IF($A18="bto",analyze!C18-'raw data'!F18,IF($A18="sto",'raw data'!F18-analyze!D18,0)) -> 0 | F18: =IF(B18>0,E18/B18,0) -> 0 | G18: =MAX('raw data'!R18:V18) -> 0 | H18: =MIN('raw data'!R18:V18) -> 0 | I18: =IF(A18="bto",analyze!G18-B18,IF(A18="sto",B18-analyze!H18,0)) -> 0 | J18: =IF(B18>0,I18/B18,0) -> 0 | K18: ='raw data'!W18 -> 0 | L18: ='raw data'!X18 -> 0 | M18: ='raw data'!Y18 -> 0 | N18: ='raw data'!Z18 -> 0 | O18: ='raw data'!AA18 -> 0 | P18: ='raw data'!AB18 -> 0 | Q18: ='raw data'!AC18 -> 0 | R18: ='raw data'!AD18 -> 0 | ... BI18: ='raw data'!BU18 -> 0 | CA18: =$L18-$P18 -> 0 | CB18: =$Q18-$U18 -> 0 | CC18: =$X18-$AB18 -> 0
... A380: ='raw data'!D380 -> 0 | B380: ='raw data'!F380 -> 0 | C380: =MAX('raw data'!G380:P380) -> 0 | D380: =MIN('raw data'!H380:Q380) -> 0 | E380: =IF($A380="bto",analyze!C380-'raw data'!F380,IF($A380="sto",'raw data'!F380-analyze!D380,0)) -> 0 | F380: =IF(B380>0,E380/B380,0) -> 0 | G380: =MAX('raw data'!R380:V380) -> 0 | H380: =MIN('raw data'!R380:V380) -> 0 | I380: =IF(A380="bto",analyze!G380-B380,IF(A380="sto",B380-analyze!H380,0)) -> 0 | J380: =IF(B380>0,I380/B380,0) -> 0 | K380: ='raw data'!W380 -> 0 | L380: ='raw data'!X380 -> 0 | M380: ='raw data'!Y380 -> 0 | N380: ='raw data'!Z380 -> 0 | O380: ='raw data'!AA380 -> 0 | P380: ='raw data'!AB380 -> 0 | Q380: ='raw data'!AC380 -> 0 | R380: ='raw data'!AD380 -> 0 | ... BI380: ='raw data'!BU380 -> 0 | CA380: =$L380-$P380 -> 0 | CB380: =$Q380-$U380 -> 0 | CC380: =$X380-$AB380 -> 0
A381: ='raw data'!D381 -> 0 | B381: ='raw data'!F381 -> 0 | C381: =MAX('raw data'!G381:P381) -> 0 | D381: =MIN('raw data'!H381:Q381) -> 0 | E381: =IF($A381="bto",analyze!C381-'raw data'!F381,IF($A381="sto",'raw data'!F381-analyze!D381,0)) -> 0 | F381: =IF(B381>0,E381/B381,0) -> 0 | G381: =MAX('raw data'!R381:V381) -> 0 | H381: =MIN('raw data'!R381:V381) -> 0 | I381: =IF(A381="bto",analyze!G381-B381,IF(A381="sto",B381-analyze!H381,0)) -> 0 | J381: =IF(B381>0,I381/B381,0) -> 0 | K381: ='raw data'!W381 -> 0 | L381: ='raw data'!X381 -> 0 | M381: ='raw data'!Y381 -> 0 | N381: ='raw data'!Z381 -> 0 | O381: ='raw data'!AA381 -> 0 | P381: ='raw data'!AB381 -> 0 | Q381: ='raw data'!AC381 -> 0 | R381: ='raw data'!AD381 -> 0 | ... BI381: ='raw data'!BU381 -> 0
A382: ='raw data'!D382 -> 0 | B382: ='raw data'!F382 -> 0 | C382: =MAX('raw data'!G382:P382) -> 0 | D382: =MIN('raw data'!H382:Q382) -> 0 | E382: =IF($A382="bto",analyze!C382-'raw data'!F382,IF($A382="sto",'raw data'!F382-analyze!D382,0)) -> 0 | F382: =IF(B382>0,E382/B382,0) -> 0 | G382: =MAX('raw data'!R382:V382) -> 0 | H382: =MIN('raw data'!R382:V382) -> 0 | I382: =IF(A382="bto",analyze!G382-B382,IF(A382="sto",B382-analyze!H382,0)) -> 0 | J382: =IF(B382>0,I382/B382,0) -> 0 | K382: ='raw data'!W382 -> 0 | L382: ='raw data'!X382 -> 0 | M382: ='raw data'!Y382 -> 0 | N382: ='raw data'!Z382 -> 0 | O382: ='raw data'!AA382 -> 0 | P382: ='raw data'!AB382 -> 0 | Q382: ='raw data'!AC382 -> 0 | R382: ='raw data'!AD382 -> 0 | ... BI382: ='raw data'!BU382 -> 0
A383: ='raw data'!D383 -> 0 | B383: ='raw data'!F383 -> 0 | C383: =MAX('raw data'!G383:P383) -> 0 | D383: =MIN('raw data'!H383:Q383) -> 0 | E383: =IF($A383="bto",analyze!C383-'raw data'!F383,IF($A383="sto",'raw data'!F383-analyze!D383,0)) -> 0 | F383: =IF(B383>0,E383/B383,0) -> 0 | G383: =MAX('raw data'!R383:V383) -> 0 | H383: =MIN('raw data'!R383:V383) -> 0 | I383: =IF(A383="bto",analyze!G383-B383,IF(A383="sto",B383-analyze!H383,0)) -> 0 | J383: =IF(B383>0,I383/B383,0) -> 0 | K383: ='raw data'!W383 -> 0 | L383: ='raw data'!X383 -> 0 | M383: ='raw data'!Y383 -> 0 | N383: ='raw data'!Z383 -> 0 | O383: ='raw data'!AA383 -> 0 | P383: ='raw data'!AB383 -> 0 | Q383: ='raw data'!AC383 -> 0 | R383: ='raw data'!AD383 -> 0 | ... BI383: ='raw data'!BU383 -> 0
A384: ='raw data'!D384 -> 0 | B384: ='raw data'!F384 -> 0 | C384: =MAX('raw data'!G384:P384) -> 0 | D384: =MIN('raw data'!H384:Q384) -> 0 | E384: =IF($A384="bto",analyze!C384-'raw data'!F384,IF($A384="sto",'raw data'!F384-analyze!D384,0)) -> 0 | F384: =IF(B384>0,E384/B384,0) -> 0 | G384: =MAX('raw data'!R384:V384) -> 0 | H384: =MIN('raw data'!R384:V384) -> 0 | I384: =IF(A384="bto",analyze!G384-B384,IF(A384="sto",B384-analyze!H384,0)) -> 0 | J384: =IF(B384>0,I384/B384,0) -> 0 | K384: ='raw data'!W384 -> 0 | L384: ='raw data'!X384 -> 0 | M384: ='raw data'!Y384 -> 0 | N384: ='raw data'!Z384 -> 0 | O384: ='raw data'!AA384 -> 0 | P384: ='raw data'!AB384 -> 0 | Q384: ='raw data'!AC384 -> 0 | R384: ='raw data'!AD384 -> 0 | ... BI384: ='raw data'!BU384 -> 0
A385: ='raw data'!D385 -> 0 | B385: ='raw data'!F385 -> 0 | C385: =MAX('raw data'!G385:P385) -> 0 | D385: =MIN('raw data'!H385:Q385) -> 0 | E385: =IF($A385="bto",analyze!C385-'raw data'!F385,IF($A385="sto",'raw data'!F385-analyze!D385,0)) -> 0 | F385: =IF(B385>0,E385/B385,0) -> 0 | G385: =MAX('raw data'!R385:V385) -> 0 | H385: =MIN('raw data'!R385:V385) -> 0 | I385: =IF(A385="bto",analyze!G385-B385,IF(A385="sto",B385-analyze!H385,0)) -> 0 | J385: =IF(B385>0,I385/B385,0) -> 0 | K385: ='raw data'!W385 -> 0 | L385: ='raw data'!X385 -> 0 | M385: ='raw data'!Y385 -> 0 | N385: ='raw data'!Z385 -> 0 | O385: ='raw data'!AA385 -> 0 | P385: ='raw data'!AB385 -> 0 | Q385: ='raw data'!AC385 -> 0 | R385: ='raw data'!AD385 -> 0 | ... BI385: ='raw data'!BU385 -> 0
A386: ='raw data'!D386 -> 0 | B386: ='raw data'!F386 -> 0 | C386: =MAX('raw data'!G386:P386) -> 0 | D386: =MIN('raw data'!H386:Q386) -> 0 | E386: =IF($A386="bto",analyze!C386-'raw data'!F386,IF($A386="sto",'raw data'!F386-analyze!D386,0)) -> 0 | F386: =IF(B386>0,E386/B386,0) -> 0 | G386: =MAX('raw data'!R386:V386) -> 0 | H386: =MIN('raw data'!R386:V386) -> 0 | I386: =IF(A386="bto",analyze!G386-B386,IF(A386="sto",B386-analyze!H386,0)) -> 0 | J386: =IF(B386>0,I386/B386,0) -> 0 | K386: ='raw data'!W386 -> 0 | L386: ='raw data'!X386 -> 0 | M386: ='raw data'!Y386 -> 0 | N386: ='raw data'!Z386 -> 0 | O386: ='raw data'!AA386 -> 0 | P386: ='raw data'!AB386 -> 0 | Q386: ='raw data'!AC386 -> 0 | R386: ='raw data'!AD386 -> 0 | ... BI386: ='raw data'!BU386 -> 0
A387: ='raw data'!D387 -> 0 | B387: ='raw data'!F387 -> 0 | C387: =MAX('raw data'!G387:P387) -> 0 | D387: =MIN('raw data'!H387:Q387) -> 0 | E387: =IF($A387="bto",analyze!C387-'raw data'!F387,IF($A387="sto",'raw data'!F387-analyze!D387,0)) -> 0 | F387: =IF(B387>0,E387/B387,0) -> 0 | G387: =MAX('raw data'!R387:V387) -> 0 | H387: =MIN('raw data'!R387:V387) -> 0 | I387: =IF(A387="bto",analyze!G387-B387,IF(A387="sto",B387-analyze!H387,0)) -> 0 | J387: =IF(B387>0,I387/B387,0) -> 0 | K387: ='raw data'!W387 -> 0 | L387: ='raw data'!X387 -> 0 | M387: ='raw data'!Y387 -> 0 | N387: ='raw data'!Z387 -> 0 | O387: ='raw data'!AA387 -> 0 | P387: ='raw data'!AB387 -> 0 | Q387: ='raw data'!AC387 -> 0 | R387: ='raw data'!AD387 -> 0 | ... BI387: ='raw data'!BU387 -> 0
A388: ='raw data'!D388 -> 0 | B388: ='raw data'!F388 -> 0 | C388: =MAX('raw data'!G388:P388) -> 0 | D388: =MIN('raw data'!H388:Q388) -> 0 | E388: =IF($A388="bto",analyze!C388-'raw data'!F388,IF($A388="sto",'raw data'!F388-analyze!D388,0)) -> 0 | F388: =IF(B388>0,E388/B388,0) -> 0 | G388: =MAX('raw data'!R388:V388) -> 0 | H388: =MIN('raw data'!R388:V388) -> 0 | I388: =IF(A388="bto",analyze!G388-B388,IF(A388="sto",B388-analyze!H388,0)) -> 0 | J388: =IF(B388>0,I388/B388,0) -> 0 | K388: ='raw data'!W388 -> 0 | L388: ='raw data'!X388 -> 0 | M388: ='raw data'!Y388 -> 0 | N388: ='raw data'!Z388 -> 0 | O388: ='raw data'!AA388 -> 0 | P388: ='raw data'!AB388 -> 0 | Q388: ='raw data'!AC388 -> 0 | R388: ='raw data'!AD388 -> 0 | ... BI388: ='raw data'!BU388 -> 0
A389: ='raw data'!D389 -> 0 | B389: ='raw data'!F389 -> 0 | C389: =MAX('raw data'!G389:P389) -> 0 | D389: =MIN('raw data'!H389:Q389) -> 0 | E389: =IF($A389="bto",analyze!C389-'raw data'!F389,IF($A389="sto",'raw data'!F389-analyze!D389,0)) -> 0 | F389: =IF(B389>0,E389/B389,0) -> 0 | G389: =MAX('raw data'!R389:V389) -> 0 | H389: =MIN('raw data'!R389:V389) -> 0 | I389: =IF(A389="bto",analyze!G389-B389,IF(A389="sto",B389-analyze!H389,0)) -> 0 | J389: =IF(B389>0,I389/B389,0) -> 0 | K389: ='raw data'!W389 -> 0 | L389: ='raw data'!X389 -> 0 | M389: ='raw data'!Y389 -> 0 | N389: ='raw data'!Z389 -> 0 | O389: ='raw data'!AA389 -> 0 | P389: ='raw data'!AB389 -> 0 | Q389: ='raw data'!AC389 -> 0 | R389: ='raw data'!AD389 -> 0 | ... BI389: ='raw data'!BU389 -> 0
A390: ='raw data'!D390 -> 0 | B390: ='raw data'!F390 -> 0 | C390: =MAX('raw data'!G390:P390) -> 0 | D390: =MIN('raw data'!H390:Q390) -> 0 | E390: =IF($A390="bto",analyze!C390-'raw data'!F390,IF($A390="sto",'raw data'!F390-analyze!D390,0)) -> 0 | F390: =IF(B390>0,E390/B390,0) -> 0 | G390: =MAX('raw data'!R390:V390) -> 0 | H390: =MIN('raw data'!R390:V390) -> 0 | I390: =IF(A390="bto",analyze!G390-B390,IF(A390="sto",B390-analyze!H390,0)) -> 0 | J390: =IF(B390>0,I390/B390,0) -> 0 | K390: ='raw data'!W390 -> 0 | L390: ='raw data'!X390 -> 0 | M390: ='raw data'!Y390 -> 0 | N390: ='raw data'!Z390 -> 0 | O390: ='raw data'!AA390 -> 0 | P390: ='raw data'!AB390 -> 0 | Q390: ='raw data'!AC390 -> 0 | R390: ='raw data'!AD390 -> 0 | ... BI390: ='raw data'!BU390 -> 0
A391: ='raw data'!D391 -> 0 | B391: ='raw data'!F391 -> 0 | C391: =MAX('raw data'!G391:P391) -> 0 | D391: =MIN('raw data'!H391:Q391) -> 0 | E391: =IF($A391="bto",analyze!C391-'raw data'!F391,IF($A391="sto",'raw data'!F391-analyze!D391,0)) -> 0 | F391: =IF(B391>0,E391/B391,0) -> 0 | G391: =MAX('raw data'!R391:V391) -> 0 | H391: =MIN('raw data'!R391:V391) -> 0 | I391: =IF(A391="bto",analyze!G391-B391,IF(A391="sto",B391-analyze!H391,0)) -> 0 | J391: =IF(B391>0,I391/B391,0) -> 0 | K391: ='raw data'!W391 -> 0 | L391: ='raw data'!X391 -> 0 | M391: ='raw data'!Y391 -> 0 | N391: ='raw data'!Z391 -> 0 | O391: ='raw data'!AA391 -> 0 | P391: ='raw data'!AB391 -> 0 | Q391: ='raw data'!AC391 -> 0 | R391: ='raw data'!AD391 -> 0 | ... BI391: ='raw data'!BU391 -> 0
A392: ='raw data'!D392 -> 0 | B392: ='raw data'!F392 -> 0 | C392: =MAX('raw data'!G392:P392) -> 0 | D392: =MIN('raw data'!H392:Q392) -> 0 | E392: =IF($A392="bto",analyze!C392-'raw data'!F392,IF($A392="sto",'raw data'!F392-analyze!D392,0)) -> 0 | F392: =IF(B392>0,E392/B392,0) -> 0 | G392: =MAX('raw data'!R392:V392) -> 0 | H392: =MIN('raw data'!R392:V392) -> 0 | I392: =IF(A392="bto",analyze!G392-B392,IF(A392="sto",B392-analyze!H392,0)) -> 0 | J392: =IF(B392>0,I392/B392,0) -> 0 | K392: ='raw data'!W392 -> 0 | L392: ='raw data'!X392 -> 0 | M392: ='raw data'!Y392 -> 0 | N392: ='raw data'!Z392 -> 0 | O392: ='raw data'!AA392 -> 0 | P392: ='raw data'!AB392 -> 0 | Q392: ='raw data'!AC392 -> 0 | R392: ='raw data'!AD392 -> 0 | ... BI392: ='raw data'!BU392 -> 0
... A406: ='raw data'!D406 -> 0 | B406: ='raw data'!F406 -> 0 | C406: =MAX('raw data'!G406:P406) -> 0 | D406: =MIN('raw data'!H406:Q406) -> 0 | E406: =IF($A406="bto",analyze!C406-'raw data'!F406,IF($A406="sto",'raw data'!F406-analyze!D406,0)) -> 0 | F406: =IF(B406>0,E406/B406,0) -> 0 | G406: =MAX('raw data'!R406:V406) -> 0 | H406: =MIN('raw data'!R406:V406) -> 0 | I406: =IF(A406="bto",analyze!G406-B406,IF(A406="sto",B406-analyze!H406,0)) -> 0 | J406: =IF(B406>0,I406/B406,0) -> 0 | K406: ='raw data'!W406 -> 0 | L406: ='raw data'!X406 -> 0 | M406: ='raw data'!Y406 -> 0 | N406: ='raw data'!Z406 -> 0 | O406: ='raw data'!AA406 -> 0 | P406: ='raw data'!AB406 -> 0 | Q406: ='raw data'!AC406 -> 0 | R406: ='raw data'!AD406 -> 0 | ... BI406: ='raw data'!BU406 -> 0

Sheet cs bto
A1: sto/bto | B1: price | C1: short-term max | D1: short-term min | E1: short-term success | F1: STS % | G1: long-term max | H1: short-term min | I1: long-term success | J1: LTS % | K1: =titled!W3 -> goodvolume | L1: =titled!X3 -> rsi | M1: =titled!Y3 -> rsi-1 | N1: =titled!Z3 -> rsi-2 | O1: =titled!AA3 -> rsi-3 | P1: =titled!AB3 -> rsi-4 | Q1: =titled!AC3 -> dvi | R1: =titled!AD3 -> dvi-1 | ... BI1: =titled!BU3 -> vold[50]/M | CA1: drsi | CB1: ddvi | CC1: drs | CD1: dvold | CE1: dspy
A7: ='raw data'!D7 -> bto | B7: ='raw data'!F7 -> 9.82 | C7: =MAX('raw data'!G7:P7) -> 9.8 | D7: =MIN('raw data'!H7:Q7) -> 9.725 | E7: =IF($A7="bto",analyze!C7-'raw data'!F7,IF($A7="sto",'raw data'!F7-analyze!D7,0)) -> -0.02 | F7: =IF(B7>0,E7/B7,0) -> -0.0020366599 | G7: =MAX('raw data'!R7:V7) -> 10.085 | H7: =MIN('raw data'!R7:V7) -> 9.7381 | I7: =IF(A7="bto",analyze!G7-B7,IF(A7="sto",B7-analyze!H7,0)) -> 0.265 | J7: =IF(B7>0,I7/B7,0) -> 0.026985743 | K7: ='raw data'!W7 -> 0.1535 | L7: ='raw data'!X7 -> 48.2988 | M7: ='raw data'!Y7 -> 40.023 | N7: ='raw data'!Z7 -> 43.5067 | O7: ='raw data'!AA7 -> 43.5067 | P7: ='raw data'!AB7 -> 39.5063 | Q7: ='raw data'!AC7 -> -1.155 | R7: ='raw data'!AD7 -> -1.2343 | ... BI7: ='raw data'!BU7 -> 368.5387 | CA7: =$L7-$P7 -> 8.7925 | CB7: =$Q7-$U7 -> -0.0478 | CC7: =$X7-$AB7 -> 0.4543 | CD7: =BF7-BH7 -> -19.3454 | CE7: =AZ7-BA7 -> 0.11
A8: ='raw data'!D8 -> Sell to Close | B8: ='raw data'!F8 -> 9.73 | C8: =MAX('raw data'!G8:P8) -> 38676.417 | D8: =MIN('raw data'!H8:Q8) -> -0.1 | E8: =IF($A8="bto",analyze!C8-'raw data'!F8,IF($A8="sto",'raw data'!F8-analyze!D8,0)) -> 0 | F8: =IF(B8>0,E8/B8,0) -> 0 | G8: =MAX('raw data'!R8:V8) -> 0 | H8: =MIN('raw data'!R8:V8) -> 0 | I8: =IF(A8="bto",analyze!G8-B8,IF(A8="sto",B8-analyze!H8,0)) -> 0 | J8: =IF(B8>0,I8/B8,0) -> 0 | K8: ='raw data'!W8 -> 0 | L8: ='raw data'!X8 -> 0 | M8: ='raw data'!Y8 -> 0 | N8: ='raw data'!Z8 -> 0 | O8: ='raw data'!AA8 -> 0 | P8: ='raw data'!AB8 -> 0 | Q8: ='raw data'!AC8 -> 0 | R8: ='raw data'!AD8 -> 0 | ... BI8: ='raw data'!BU8 -> 0 | CA8: =$L8-$P8 -> 0 | CB8: =$Q8-$U8 -> 0 | CC8: =$X8-$AB8 -> 0
A9: ='raw data'!D9 -> bto | B9: ='raw data'!F9 -> 9.821 | C9: =MAX('raw data'!G9:P9) -> 9.835 | D9: =MIN('raw data'!H9:Q9) -> 9.81 | E9: =IF($A9="bto",analyze!C9-'raw data'!F9,IF($A9="sto",'raw data'!F9-analyze!D9,0)) -> 0.014 | F9: =IF(B9>0,E9/B9,0) -> 0.0014255167 | G9: =MAX('raw data'!R9:V9) -> 10.1419 | H9: =MIN('raw data'!R9:V9) -> 9.771 | I9: =IF(A9="bto",analyze!G9-B9,IF(A9="sto",B9-analyze!H9,0)) -> 0.3209 | J9: =IF(B9>0,I9/B9,0) -> 0.03267488 | K9: ='raw data'!W9 -> 0.4361 | L9: ='raw data'!X9 -> 73.8257 | M9: ='raw data'!Y9 -> 67.8365 | N9: ='raw data'!Z9 -> 66.4443 | O9: ='raw data'!AA9 -> 61.171 | P9: ='raw data'!AB9 -> 58.9742 | Q9: ='raw data'!AC9 -> -1.2664 | R9: ='raw data'!AD9 -> -1.368 | ... BI9: ='raw data'!BU9 -> -116.3051 | CA9: =$L9-$P9 -> 14.8515 | CB9: =$Q9-$U9 -> 0.1996 | CC9: =$X9-$AB9 -> 0.5107 | CD9: =BF9-BH9 -> -1.2523 | CE9: =AZ9-BA9 -> 0.25
A10: ='raw data'!D10 -> Sell to Close | B10: ='raw data'!F10 -> 9.82 | C10: =MAX('raw data'!G10:P10) -> 38676.465 | D10: =MIN('raw data'!H10:Q10) -> -0.1 | E10: =IF($A10="bto",analyze!C10-'raw data'!F10,IF($A10="sto",'raw data'!F10-analyze!D10,0)) -> 0 | F10: =IF(B10>0,E10/B10,0) -> 0 | G10: =MAX('raw data'!R10:V10) -> 0 | H10: =MIN('raw data'!R10:V10) -> 0 | I10: =IF(A10="bto",analyze!G10-B10,IF(A10="sto",B10-analyze!H10,0)) -> 0 | J10: =IF(B10>0,I10/B10,0) -> 0 | K10: ='raw data'!W10 -> 0 | L10: ='raw data'!X10 -> 0 | M10: ='raw data'!Y10 -> 0 | N10: ='raw data'!Z10 -> 0 | O10: ='raw data'!AA10 -> 0 | P10: ='raw data'!AB10 -> 0 | Q10: ='raw data'!AC10 -> 0 | R10: ='raw data'!AD10 -> 0 | ... BI10: ='raw data'!BU10 -> 0 | CA10: =$L10-$P10 -> 0 | CB10: =$Q10-$U10 -> 0 | CC10: =$X10-$AB10 -> 0
A11: ='raw data'!D11 -> bto | B11: ='raw data'!F11 -> 9.85 | C11: =MAX('raw data'!G11:P11) -> 9.9199 | D11: =MIN('raw data'!H11:Q11) -> 9.85 | E11: =IF($A11="bto",analyze!C11-'raw data'!F11,IF($A11="sto",'raw data'!F11-analyze!D11,0)) -> 0.0699 | F11: =IF(B11>0,E11/B11,0) -> 0.0070964467 | G11: =MAX('raw data'!R11:V11) -> 10.16 | H11: =MIN('raw data'!R11:V11) -> 9.9481 | I11: =IF(A11="bto",analyze!G11-B11,IF(A11="sto",B11-analyze!H11,0)) -> 0.31 | J11: =IF(B11>0,I11/B11,0) -> 0.031472081 | K11: ='raw data'!W11 -> 0.4377 | L11: ='raw data'!X11 -> 73.8073 | M11: ='raw data'!Y11 -> 67.0806 | N11: ='raw data'!Z11 -> 61.8745 | O11: ='raw data'!AA11 -> 59.7129 | P11: ='raw data'!AB11 -> 57.5748 | Q11: ='raw data'!AC11 -> -1.1135 | R11: ='raw data'!AD11 -> -1.2209 | ... BI11: ='raw data'!BU11 -> -136.6705 | CA11: =$L11-$P11 -> 16.2325 | CB11: =$Q11-$U11 -> 0.2542 | CC11: =$X11-$AB11 -> 0.3951 | CD11: =BF11-BH11 -> 0.1062 | CE11: =AZ11-BA11 -> 0.35
A12: ='raw data'!D12 -> Sell to Close | B12: ='raw data'!F12 -> 9.85 | C12: =MAX('raw data'!G12:P12) -> 38676.483 | D12: =MIN('raw data'!H12:Q12) -> -0.1 | E12: =IF($A12="bto",analyze!C12-'raw data'!F12,IF($A12="sto",'raw data'!F12-analyze!D12,0)) -> 0 | F12: =IF(B12>0,E12/B12,0) -> 0 | G12: =MAX('raw data'!R12:V12) -> 0 | H12: =MIN('raw data'!R12:V12) -> 0 | I12: =IF(A12="bto",analyze!G12-B12,IF(A12="sto",B12-analyze!H12,0)) -> 0 | J12: =IF(B12>0,I12/B12,0) -> 0 | K12: ='raw data'!W12 -> 0 | L12: ='raw data'!X12 -> 0 | M12: ='raw data'!Y12 -> 0 | N12: ='raw data'!Z12 -> 0 | O12: ='raw data'!AA12 -> 0 | P12: ='raw data'!AB12 -> 0 | Q12: ='raw data'!AC12 -> 0 | R12: ='raw data'!AD12 -> 0 | ... BI12: ='raw data'!BU12 -> 0 | CA12: =$L12-$P12 -> 0 | CB12: =$Q12-$U12 -> 0 | CC12: =$X12-$AB12 -> 0
A13: ='raw data'!D13 -> bto | B13: ='raw data'!F13 -> 9.885 | C13: =MAX('raw data'!G13:P13) -> 9.9345 | D13: =MIN('raw data'!H13:Q13) -> 9.875 | E13: =IF($A13="bto",analyze!C13-'raw data'!F13,IF($A13="sto",'raw data'!F13-analyze!D13,0)) -> 0.0495 | F13: =IF(B13>0,E13/B13,0) -> 0.0050075873 | G13: =MAX('raw data'!R13:V13) -> 10.1219 | H13: =MIN('raw data'!R13:V13) -> 9.9019 | I13: =IF(A13="bto",analyze!G13-B13,IF(A13="sto",B13-analyze!H13,0)) -> 0.2369 | J13: =IF(B13>0,I13/B13,0) -> 0.023965604 | K13: ='raw data'!W13 -> 0.3474 | L13: ='raw data'!X13 -> 72.3818 | M13: ='raw data'!Y13 -> 63.3361 | N13: ='raw data'!Z13 -> 61.4664 | O13: ='raw data'!AA13 -> 59.6367 | P13: ='raw data'!AB13 -> 78.1817 | Q13: ='raw data'!AC13 -> -0.9751 | R13: ='raw data'!AD13 -> -1.0476 | ... BI13: ='raw data'!BU13 -> -140.0745 | CA13: =$L13-$P13 -> -5.7999 | CB13: =$Q13-$U13 -> 0.0001 | CC13: =$X13-$AB13 -> 0.1094 | CD13: =BF13-BH13 -> 1.0583 | CE13: =AZ13-BA13 -> 0.08
A14: ='raw data'!D14 -> Sell to Close | B14: ='raw data'!F14 -> 9.94 | C14: =MAX('raw data'!G14:P14) -> 38676.489 | D14: =MIN('raw data'!H14:Q14) -> -0.05 | E14: =IF($A14="bto",analyze!C14-'raw data'!F14,IF($A14="sto",'raw data'!F14-analyze!D14,0)) -> 0 | F14: =IF(B14>0,E14/B14,0) -> 0 | G14: =MAX('raw data'!R14:V14) -> 0 | H14: =MIN('raw data'!R14:V14) -> 0 | I14: =IF(A14="bto",analyze!G14-B14,IF(A14="sto",B14-analyze!H14,0)) -> 0 | J14: =IF(B14>0,I14/B14,0) -> 0 | K14: ='raw data'!W14 -> 0 | L14: ='raw data'!X14 -> 0 | M14: ='raw data'!Y14 -> 0 | N14: ='raw data'!Z14 -> 0 | O14: ='raw data'!AA14 -> 0 | P14: ='raw data'!AB14 -> 0 | Q14: ='raw data'!AC14 -> 0 | R14: ='raw data'!AD14 -> 0 | ... BI14: ='raw data'!BU14 -> 0 | CA14: =$L14-$P14 -> 0 | CB14: =$Q14-$U14 -> 0 | CC14: =$X14-$AB14 -> 0
A15: ='raw data'!D15 -> bto | B15: ='raw data'!F15 -> 9.925 | C15: =MAX('raw data'!G15:P15) -> 9.99 | D15: =MIN('raw data'!H15:Q15) -> 9.925 | E15: =IF($A15="bto",analyze!C15-'raw data'!F15,IF($A15="sto",'raw data'!F15-analyze!D15,0)) -> 0.065 | F15: =IF(B15>0,E15/B15,0) -> 0.0065491184 | G15: =MAX('raw data'!R15:V15) -> 10.195 | H15: =MIN('raw data'!R15:V15) -> 9.91 | I15: =IF(A15="bto",analyze!G15-B15,IF(A15="sto",B15-analyze!H15,0)) -> 0.27 | J15: =IF(B15>0,I15/B15,0) -> 0.02720403 | K15: ='raw data'!W15 -> 0.2843 | L15: ='raw data'!X15 -> 65.0379 | M15: ='raw data'!Y15 -> 57.9349 | N15: ='raw data'!Z15 -> 69.2533 | O15: ='raw data'!AA15 -> 68.6824 | P15: ='raw data'!AB15 -> 64.9018 | Q15: ='raw data'!AC15 -> -0.7341 | R15: ='raw data'!AD15 -> -0.7973 | ... BI15: ='raw data'!BU15 -> -151.807 | CA15: =$L15-$P15 -> 0.1361 | CB15: =$Q15-$U15 -> 0.0729 | CC15: =$X15-$AB15 -> 0.2066 | CD15: =BF15-BH15 -> -0.6746 | CE15: =AZ15-BA15 -> -0.01
A16: ='raw data'!D16 -> Sell to Close | B16: ='raw data'!F16 -> 9.92 | C16: =MAX('raw data'!G16:P16) -> 38676.5 | D16: =MIN('raw data'!H16:Q16) -> -0.05 | E16: =IF($A16="bto",analyze!C16-'raw data'!F16,IF($A16="sto",'raw data'!F16-analyze!D16,0)) -> 0 | F16: =IF(B16>0,E16/B16,0) -> 0 | G16: =MAX('raw data'!R16:V16) -> 0 | H16: =MIN('raw data'!R16:V16) -> 0 | I16: =IF(A16="bto",analyze!G16-B16,IF(A16="sto",B16-analyze!H16,0)) -> 0 | J16: =IF(B16>0,I16/B16,0) -> 0 | K16: ='raw data'!W16 -> 0 | L16: ='raw data'!X16 -> 0 | M16: ='raw data'!Y16 -> 0 | N16: ='raw data'!Z16 -> 0 | O16: ='raw data'!AA16 -> 0 | P16: ='raw data'!AB16 -> 0 | Q16: ='raw data'!AC16 -> 0 | R16: ='raw data'!AD16 -> 0 | ... BI16: ='raw data'!BU16 -> 0 | CA16: =$L16-$P16 -> 0 | CB16: =$Q16-$U16 -> 0 | CC16: =$X16-$AB16 -> 0
A17: ='raw data'!D17 -> bto | B17: ='raw data'!F17 -> 10.01 | C17: =MAX('raw data'!G17:P17) -> 10.035 | D17: =MIN('raw data'!H17:Q17) -> 10.0031 | E17: =IF($A17="bto",analyze!C17-'raw data'!F17,IF($A17="sto",'raw data'!F17-analyze!D17,0)) -> 0.025 | F17: =IF(B17>0,E17/B17,0) -> 0.0024975025 | G17: =MAX('raw data'!R17:V17) -> 10.23 | H17: =MIN('raw data'!R17:V17) -> 9.885 | I17: =IF(A17="bto",analyze!G17-B17,IF(A17="sto",B17-analyze!H17,0)) -> 0.22 | J17: =IF(B17>0,I17/B17,0) -> 0.021978022 | K17: ='raw data'!W17 -> 0.7744 | L17: ='raw data'!X17 -> 72.1336 | M17: ='raw data'!Y17 -> 65.35 | N17: ='raw data'!Z17 -> 59.8168 | O17: ='raw data'!AA17 -> 54.2506 | P17: ='raw data'!AB17 -> 54.2506 | Q17: ='raw data'!AC17 -> -0.3664 | R17: ='raw data'!AD17 -> -0.4628 | ... BI17: ='raw data'!BU17 -> -154.4497 | CA17: =$L17-$P17 -> 17.883 | CB17: =$Q17-$U17 -> 0.1429 | CC17: =$X17-$AB17 -> 0.6519 | CD17: =BF17-BH17 -> 1.951 | CE17: =AZ17-BA17 -> -0.0571
A18: ='raw data'!D18 -> Sell to Close | B18: ='raw data'!F18 -> 10.17 | C18: =MAX('raw data'!G18:P18) -> 38676.519 | D18: =MIN('raw data'!H18:Q18) -> 0 | E18: =IF($A18="bto",analyze!C18-'raw data'!F18,IF($A18="sto",'raw data'!F18-analyze!D18,0)) -> 0 | F18: =IF(B18>0,E18/B18,0) -> 0 | G18: =MAX('raw data'!R18:V18) -> 0 | H18: =MIN('raw data'!R18:V18) -> 0 | I18: =IF(A18="bto",analyze!G18-B18,IF(A18="sto",B18-analyze!H18,0)) -> 0 | J18: =IF(B18>0,I18/B18,0) -> 0 | K18: ='raw data'!W18 -> 0 | L18: ='raw data'!X18 -> 0 | M18: ='raw data'!Y18 -> 0 | N18: ='raw data'!Z18 -> 0 | O18: ='raw data'!AA18 -> 0 | P18: ='raw data'!AB18 -> 0 | Q18: ='raw data'!AC18 -> 0 | R18: ='raw data'!AD18 -> 0 | ... BI18: ='raw data'!BU18 -> 0 | CA18: =$L18-$P18 -> 0 | CB18: =$Q18-$U18 -> 0 | CC18: =$X18-$AB18 -> 0
A19: ='raw data'!D19 -> sto | B19: ='raw data'!F19 -> 9.99 | C19: =MAX('raw data'!G19:P19) -> 10.0349 | D19: =MIN('raw data'!H19:Q19) -> 9.98 | E19: =IF($A19="bto",analyze!C19-'raw data'!F19,IF($A19="sto",'raw data'!F19-analyze!D19,0)) -> 0.01 | F19: =IF(B19>0,E19/B19,0) -> 0.001001001 | G19: =MAX('raw data'!R19:V19) -> 10.055 | H19: =MIN('raw data'!R19:V19) -> 9.73 | I19: =IF(A19="bto",analyze!G19-B19,IF(A19="sto",B19-analyze!H19,0)) -> 0.26 | J19: =IF(B19>0,I19/B19,0) -> 0.026026026 | K19: ='raw data'!W19 -> 0.2724 | L19: ='raw data'!X19 -> 33.8683 | M19: ='raw data'!Y19 -> 43.2268 | N19: ='raw data'!Z19 -> 47.0156 | O19: ='raw data'!AA19 -> 54.8995 | P19: ='raw data'!AB19 -> 31.8095 | Q19: ='raw data'!AC19 -> 0.1774 | R19: ='raw data'!AD19 -> 0.2188 | ... BI19: ='raw data'!BU19 -> -135.3065 | CA19: =$L19-$P19 -> 2.0588 | CB19: =$Q19-$U19 -> -0.2212 | CC19: =$X19-$AB19 -> -0.3678
A20: ='raw data'!D20 -> Buy to Close | B20: ='raw data'!F20 -> 10.01 | C20: =MAX('raw data'!G20:P20) -> 38676.572 | D20: =MIN('raw data'!H20:Q20) -> -0.02 | E20: =IF($A20="bto",analyze!C20-'raw data'!F20,IF($A20="sto",'raw data'!F20-analyze!D20,0)) -> 0 | F20: =IF(B20>0,E20/B20,0) -> 0 | G20: =MAX('raw data'!R20:V20) -> 0 | H20: =MIN('raw data'!R20:V20) -> 0 | I20: =IF(A20="bto",analyze!G20-B20,IF(A20="sto",B20-analyze!H20,0)) -> 0 | J20: =IF(B20>0,I20/B20,0) -> 0 | K20: ='raw data'!W20 -> 0 | L20: ='raw data'!X20 -> 0 | M20: ='raw data'!Y20 -> 0 | N20: ='raw data'!Z20 -> 0 | O20: ='raw data'!AA20 -> 0 | P20: ='raw data'!AB20 -> 0 | Q20: ='raw data'!AC20 -> 0 | R20: ='raw data'!AD20 -> 0 | ... BI20: ='raw data'!BU20 -> 0 | CA20: =$L20-$P20 -> 0 | CB20: =$Q20-$U20 -> 0 | CC20: =$X20-$AB20 -> 0
A21: ='raw data'!D21 -> bto | B21: ='raw data'!F21 -> 9.935 | C21: =MAX('raw data'!G21:P21) -> 9.9683 | D21: =MIN('raw data'!H21:Q21) -> 9.9 | E21: =IF($A21="bto",analyze!C21-'raw data'!F21,IF($A21="sto",'raw data'!F21-analyze!D21,0)) -> 0.0333 | F21: =IF(B21>0,E21/B21,0) -> 0.0033517866 | G21: =MAX('raw data'!R21:V21) -> 9.993 | H21: =MIN('raw data'!R21:V21) -> 9.7 | I21: =IF(A21="bto",analyze!G21-B21,IF(A21="sto",B21-analyze!H21,0)) -> 0.058 | J21: =IF(B21>0,I21/B21,0) -> 0.0058379467 | K21: ='raw data'!W21 -> 0.7234 | L21: ='raw data'!X21 -> 68.8069 | M21: ='raw data'!Y21 -> 54.4319 | N21: ='raw data'!Z21 -> 56.4222 | O21: ='raw data'!AA21 -> 46.2158 | P21: ='raw data'!AB21 -> 49.0358 | Q21: ='raw data'!AC21 -> 0.3142 | R21: ='raw data'!AD21 -> 0.2558 | ... BI21: ='raw data'!BU21 -> -212.5653 | CA21: =$L21-$P21 -> 19.7711 | CB21: =$Q21-$U21 -> 0.0905 | CC21: =$X21-$AB21 -> 0.4557 | CD21: =BF21-BH21 -> -20.1108 | CE21: =AZ21-BA21 -> 0
A22: ='raw data'!D22 -> Sell to Close | B22: ='raw data'!F22 -> 9.98 | C22: =MAX('raw data'!G22:P22) -> 38676.656 | D22: =MIN('raw data'!H22:Q22) -> 0 | E22: =IF($A22="bto",analyze!C22-'raw data'!F22,IF($A22="sto",'raw data'!F22-analyze!D22,0)) -> 0 | F22: =IF(B22>0,E22/B22,0) -> 0 | G22: =MAX('raw data'!R22:V22) -> 0 | H22: =MIN('raw data'!R22:V22) -> 0 | I22: =IF(A22="bto",analyze!G22-B22,IF(A22="sto",B22-analyze!H22,0)) -> 0 | J22: =IF(B22>0,I22/B22,0) -> 0 | K22: ='raw data'!W22 -> 0 | L22: ='raw data'!X22 -> 0 | M22: ='raw data'!Y22 -> 0 | N22: ='raw data'!Z22 -> 0 | O22: ='raw data'!AA22 -> 0 | P22: ='raw data'!AB22 -> 0 | Q22: ='raw data'!AC22 -> 0 | R22: ='raw data'!AD22 -> 0 | ... BI22: ='raw data'!BU22 -> 0 | CA22: =$L22-$P22 -> 0 | CB22: =$Q22-$U22 -> 0 | CC22: =$X22-$AB22 -> 0
A23: ='raw data'!D23 -> bto | B23: ='raw data'!F23 -> 10.03 | C23: =MAX('raw data'!G23:P23) -> 10.09 | D23: =MIN('raw data'!H23:Q23) -> 10.0135 | E23: =IF($A23="bto",analyze!C23-'raw data'!F23,IF($A23="sto",'raw data'!F23-analyze!D23,0)) -> 0.06 | F23: =IF(B23>0,E23/B23,0) -> 0.0059820538 | G23: =MAX('raw data'!R23:V23) -> 10.055 | H23: =MIN('raw data'!R23:V23) -> 9.6281 | I23: =IF(A23="bto",analyze!G23-B23,IF(A23="sto",B23-analyze!H23,0)) -> 0.025 | J23: =IF(B23>0,I23/B23,0) -> 0.0024925224 | K23: ='raw data'!W23 -> 0.3374 | L23: ='raw data'!X23 -> 85.2022 | M23: ='raw data'!Y23 -> 76.4152 | N23: ='raw data'!Z23 -> 70.1031 | O23: ='raw data'!AA23 -> 70.1031 | P23: ='raw data'!AB23 -> 66.5684 | Q23: ='raw data'!AC23 -> 0.8058 | R23: ='raw data'!AD23 -> 0.6961 | ... BI23: ='raw data'!BU23 -> -223.5456 | CA23: =$L23-$P23 -> 18.6338 | CB23: =$Q23-$U23 -> 0.3787 | CC23: =$X23-$AB23 -> 0.4606 | CD23: =BF23-BH23 -> -28.9841 | CE23: =AZ23-BA23 -> 0.09
A24: ='raw data'!D24 -> Sell to Close | B24: ='raw data'!F24 -> 10.06 | C24: =MAX('raw data'!G24:P24) -> 38706.397 | D24: =MIN('raw data'!H24:Q24) -> 0 | E24: =IF($A24="bto",analyze!C24-'raw data'!F24,IF($A24="sto",'raw data'!F24-analyze!D24,0)) -> 0 | F24: =IF(B24>0,E24/B24,0) -> 0 | G24: =MAX('raw data'!R24:V24) -> 0 | H24: =MIN('raw data'!R24:V24) -> 0 | I24: =IF(A24="bto",analyze!G24-B24,IF(A24="sto",B24-analyze!H24,0)) -> 0 | J24: =IF(B24>0,I24/B24,0) -> 0 | K24: ='raw data'!W24 -> 0 | L24: ='raw data'!X24 -> 0 | M24: ='raw data'!Y24 -> 0 | N24: ='raw data'!Z24 -> 0 | O24: ='raw data'!AA24 -> 0 | P24: ='raw data'!AB24 -> 0 | Q24: ='raw data'!AC24 -> 0 | R24: ='raw data'!AD24 -> 0 | ... BI24: ='raw data'!BU24 -> 0 | CA24: =$L24-$P24 -> 0 | CB24: =$Q24-$U24 -> 0 | CC24: =$X24-$AB24 -> 0
A25: ='raw data'!D25 -> bto | B25: ='raw data'!F25 -> 10.085 | C25: =MAX('raw data'!G25:P25) -> 10.189 | D25: =MIN('raw data'!H25:Q25) -> 9.91 | E25: =IF($A25="bto",analyze!C25-'raw data'!F25,IF($A25="sto",'raw data'!F25-analyze!D25,0)) -> 0.104 | F25: =IF(B25>0,E25/B25,0) -> 0.010312345 | G25: =MAX('raw data'!R25:V25) -> 9.9619 | H25: =MIN('raw data'!R25:V25) -> 9.61 | I25: =IF(A25="bto",analyze!G25-B25,IF(A25="sto",B25-analyze!H25,0)) -> -0.1231 | J25: =IF(B25>0,I25/B25,0) -> -0.012206247 | K25: ='raw data'!W25 -> 0.1925 | L25: ='raw data'!X25 -> 66.4415 | M25: ='raw data'!Y25 -> 63.1462 | N25: ='raw data'!Z25 -> 71.4631 | O25: ='raw data'!AA25 -> 48.3203 | P25: ='raw data'!AB25 -> 86.006 | Q25: ='raw data'!AC25 -> 0.8029 | R25: ='raw data'!AD25 -> 0.5496 | ... BI25: ='raw data'!BU25 -> -228.433 | CA25: =$L25-$P25 -> -19.5645 | CB25: =$Q25-$U25 -> 0.3144 | CC25: =$X25-$AB25 -> 0.5321 | CD25: =BF25-BH25 -> 316.4863 | CE25: =AZ25-BA25 -> -0.74
A26: ='raw data'!D26 -> Sell to Close | B26: ='raw data'!F26 -> 10.07 | C26: =MAX('raw data'!G26:P26) -> 38706.406 | D26: =MIN('raw data'!H26:Q26) -> -0.02 | E26: =IF($A26="bto",analyze!C26-'raw data'!F26,IF($A26="sto",'raw data'!F26-analyze!D26,0)) -> 0 | F26: =IF(B26>0,E26/B26,0) -> 0 | G26: =MAX('raw data'!R26:V26) -> 0 | H26: =MIN('raw data'!R26:V26) -> 0 | I26: =IF(A26="bto",analyze!G26-B26,IF(A26="sto",B26-analyze!H26,0)) -> 0 | J26: =IF(B26>0,I26/B26,0) -> 0 | K26: ='raw data'!W26 -> 0 | L26: ='raw data'!X26 -> 0 | M26: ='raw data'!Y26 -> 0 | N26: ='raw data'!Z26 -> 0 | O26: ='raw data'!AA26 -> 0 | P26: ='raw data'!AB26 -> 0 | Q26: ='raw data'!AC26 -> 0 | R26: ='raw data'!AD26 -> 0 | ... BI26: ='raw data'!BU26 -> 0 | CA26: =$L26-$P26 -> 0 | CB26: =$Q26-$U26 -> 0 | CC26: =$X26-$AB26 -> 0
A27: ='raw data'!D27 -> sto | B27: ='raw data'!F27 -> 9.915 | C27: =MAX('raw data'!G27:P27) -> 9.99 | D27: =MIN('raw data'!H27:Q27) -> 9.8881 | E27: =IF($A27="bto",analyze!C27-'raw data'!F27,IF($A27="sto",'raw data'!F27-analyze!D27,0)) -> 0.0269 | F27: =IF(B27>0,E27/B27,0) -> 0.002713061 | G27: =MAX('raw data'!R27:V27) -> 9.91 | H27: =MIN('raw data'!R27:V27) -> 9.6173 | I27: =IF(A27="bto",analyze!G27-B27,IF(A27="sto",B27-analyze!H27,0)) -> 0.2977 | J27: =IF(B27>0,I27/B27,0) -> 0.030025214 | K27: ='raw data'!W27 -> 0.7289 | L27: ='raw data'!X27 -> 24.7344 | M27: ='raw data'!Y27 -> 42.7194 | N27: ='raw data'!Z27 -> 51.7952 | O27: ='raw data'!AA27 -> 66.4415 | P27: ='raw data'!AB27 -> 86.1344 | Q27: ='raw data'!AC27 -> 0.0319 | R27: ='raw data'!AD27 -> 0.6125 | ... BI27: ='raw data'!BU27 -> -243.2238 | CA27: =$L27-$P27 -> -61.4 | CB27: =$Q27-$U27 -> -0.3037 | CC27: =$X27-$AB27 -> -0.9704
A28: ='raw data'!D28 -> Buy to Close | B28: ='raw data'!F28 -> 9.96 | C28: =MAX('raw data'!G28:P28) -> 38706.409 | D28: =MIN('raw data'!H28:Q28) -> -0.04 | E28: =IF($A28="bto",analyze!C28-'raw data'!F28,IF($A28="sto",'raw data'!F28-analyze!D28,0)) -> 0 | F28: =IF(B28>0,E28/B28,0) -> 0 | G28: =MAX('raw data'!R28:V28) -> 0 | H28: =MIN('raw data'!R28:V28) -> 0 | I28: =IF(A28="bto",analyze!G28-B28,IF(A28="sto",B28-analyze!H28,0)) -> 0 | J28: =IF(B28>0,I28/B28,0) -> 0 | K28: ='raw data'!W28 -> 0 | L28: ='raw data'!X28 -> 0 | M28: ='raw data'!Y28 -> 0 | N28: ='raw data'!Z28 -> 0 | O28: ='raw data'!AA28 -> 0 | P28: ='raw data'!AB28 -> 0 | Q28: ='raw data'!AC28 -> 0 | R28: ='raw data'!AD28 -> 0 | ... BI28: ='raw data'!BU28 -> 0 | CA28: =$L28-$P28 -> 0 | CB28: =$Q28-$U28 -> 0 | CC28: =$X28-$AB28 -> 0
A29: ='raw data'!D29 -> sto | B29: ='raw data'!F29 -> 9.9 | C29: =MAX('raw data'!G29:P29) -> 10.0206 | D29: =MIN('raw data'!H29:Q29) -> 9.8881 | E29: =IF($A29="bto",analyze!C29-'raw data'!F29,IF($A29="sto",'raw data'!F29-analyze!D29,0)) -> 0.0119 | F29: =IF(B29>0,E29/B29,0) -> 0.0012020202 | G29: =MAX('raw data'!R29:V29) -> 9.905 | H29: =MIN('raw data'!R29:V29) -> 9.645 | I29: =IF(A29="bto",analyze!G29-B29,IF(A29="sto",B29-analyze!H29,0)) -> 0.255 | J29: =IF(B29>0,I29/B29,0) -> 0.025757576 | K29: ='raw data'!W29 -> 0.4094 | L29: ='raw data'!X29 -> 30.2512 | M29: ='raw data'!Y29 -> 37.0212 | N29: ='raw data'!Z29 -> 42.7194 | O29: ='raw data'!AA29 -> 67.5478 | P29: ='raw data'!AB29 -> 63.1462 | Q29: ='raw data'!AC29 -> -0.3464 | R29: ='raw data'!AD29 -> -0.093 | ... BI29: ='raw data'!BU29 -> -243.4527 | CA29: =$L29-$P29 -> -32.895 | CB29: =$Q29-$U29 -> -0.896 | CC29: =$X29-$AB29 -> -1.2874
A30: ='raw data'!D30 -> Buy to Close | B30: ='raw data'!F30 -> 10.01 | C30: =MAX('raw data'!G30:P30) -> 38706.415 | D30: =MIN('raw data'!H30:Q30) -> -0.11 | E30: =IF($A30="bto",analyze!C30-'raw data'!F30,IF($A30="sto",'raw data'!F30-analyze!D30,0)) -> 0 | F30: =IF(B30>0,E30/B30,0) -> 0 | G30: =MAX('raw data'!R30:V30) -> 0 | H30: =MIN('raw data'!R30:V30) -> 0 | I30: =IF(A30="bto",analyze!G30-B30,IF(A30="sto",B30-analyze!H30,0)) -> 0 | J30: =IF(B30>0,I30/B30,0) -> 0 | K30: ='raw data'!W30 -> 0 | L30: ='raw data'!X30 -> 0 | M30: ='raw data'!Y30 -> 0 | N30: ='raw data'!Z30 -> 0 | O30: ='raw data'!AA30 -> 0 | P30: ='raw data'!AB30 -> 0 | Q30: ='raw data'!AC30 -> 0 | R30: ='raw data'!AD30 -> 0 | ... BI30: ='raw data'!BU30 -> 0 | CA30: =$L30-$P30 -> 0 | CB30: =$Q30-$U30 -> 0 | CC30: =$X30-$AB30 -> 0
A31: ='raw data'!D31 -> sto | B31: ='raw data'!F31 -> 9.7099 | C31: =MAX('raw data'!G31:P31) -> 9.7481 | D31: =MIN('raw data'!H31:Q31) -> 9.7 | E31: =IF($A31="bto",analyze!C31-'raw data'!F31,IF($A31="sto",'raw data'!F31-analyze!D31,0)) -> 0.0099 | F31: =IF(B31>0,E31/B31,0) -> 0.001019578 | G31: =MAX('raw data'!R31:V31) -> 9.7422 | H31: =MIN('raw data'!R31:V31) -> 9.2019 | I31: =IF(A31="bto",analyze!G31-B31,IF(A31="sto",B31-analyze!H31,0)) -> 0.508 | J31: =IF(B31>0,I31/B31,0) -> 0.052317738 | K31: ='raw data'!W31 -> 0.5502 | L31: ='raw data'!X31 -> 25.3325 | M31: ='raw data'!Y31 -> 34.734 | N31: ='raw data'!Z31 -> 44.512 | O31: ='raw data'!AA31 -> 55.1319 | P31: ='raw data'!AB31 -> 40.5768 | Q31: ='raw data'!AC31 -> -3.4084 | R31: ='raw data'!AD31 -> -3.0123 | ... BI31: ='raw data'!BU31 -> -11.3702 | CA31: =$L31-$P31 -> -15.2443 | CB31: =$Q31-$U31 -> -0.5836 | CC31: =$X31-$AB31 -> -0.536
A32: ='raw data'!D32 -> Buy to Close | B32: ='raw data'!F32 -> 9.7 | C32: =MAX('raw data'!G32:P32) -> 38706.508 | D32: =MIN('raw data'!H32:Q32) -> 0 | E32: =IF($A32="bto",analyze!C32-'raw data'!F32,IF($A32="sto",'raw data'!F32-analyze!D32,0)) -> 0 | F32: =IF(B32>0,E32/B32,0) -> 0 | G32: =MAX('raw data'!R32:V32) -> 0 | H32: =MIN('raw data'!R32:V32) -> 0 | I32: =IF(A32="bto",analyze!G32-B32,IF(A32="sto",B32-analyze!H32,0)) -> 0 | J32: =IF(B32>0,I32/B32,0) -> 0 | K32: ='raw data'!W32 -> 0 | L32: ='raw data'!X32 -> 0 | M32: ='raw data'!Y32 -> 0 | N32: ='raw data'!Z32 -> 0 | O32: ='raw data'!AA32 -> 0 | P32: ='raw data'!AB32 -> 0 | Q32: ='raw data'!AC32 -> 0 | R32: ='raw data'!AD32 -> 0 | ... BI32: ='raw data'!BU32 -> 0 | CA32: =$L32-$P32 -> 0 | CB32: =$Q32-$U32 -> 0 | CC32: =$X32-$AB32 -> 0
A33: ='raw data'!D33 -> sto | B33: ='raw data'!F33 -> 9.71 | C33: =MAX('raw data'!G33:P33) -> 9.72 | D33: =MIN('raw data'!H33:Q33) -> 9.685 | E33: =IF($A33="bto",analyze!C33-'raw data'!F33,IF($A33="sto",'raw data'!F33-analyze!D33,0)) -> 0.025 | F33: =IF(B33>0,E33/B33,0) -> 0.0025746653 | G33: =MAX('raw data'!R33:V33) -> 9.675 | H33: =MIN('raw data'!R33:V33) -> 8.9 | I33: =IF(A33="bto",analyze!G33-B33,IF(A33="sto",B33-analyze!H33,0)) -> 0.81 | J33: =IF(B33>0,I33/B33,0) -> 0.083419156 | K33: ='raw data'!W33 -> 0.4593 | L33: ='raw data'!X33 -> 29.5576 | M33: ='raw data'!Y33 -> 39.6394 | N33: ='raw data'!Z33 -> 28.1179 | O33: ='raw data'!AA33 -> 47.8232 | P33: ='raw data'!AB33 -> 51.385 | Q33: ='raw data'!AC33 -> -4.3505 | R33: ='raw data'!AD33 -> -4.0585 | ... BI33: ='raw data'!BU33 -> -24.6646 | CA33: =$L33-$P33 -> -21.8274 | CB33: =$Q33-$U33 -> -0.9939 | CC33: =$X33-$AB33 -> -0.4365
A34: ='raw data'!D34 -> Buy to Close | B34: ='raw data'!F34 -> 9.72 | C34: =MAX('raw data'!G34:P34) -> 38706.553 | D34: =MIN('raw data'!H34:Q34) -> -0.01 | E34: =IF($A34="bto",analyze!C34-'raw data'!F34,IF($A34="sto",'raw data'!F34-analyze!D34,0)) -> 0 | F34: =IF(B34>0,E34/B34,0) -> 0 | G34: =MAX('raw data'!R34:V34) -> 0 | H34: =MIN('raw data'!R34:V34) -> 0 | I34: =IF(A34="bto",analyze!G34-B34,IF(A34="sto",B34-analyze!H34,0)) -> 0 | J34: =IF(B34>0,I34/B34,0) -> 0 | K34: ='raw data'!W34 -> 0 | L34: ='raw data'!X34 -> 0 | M34: ='raw data'!Y34 -> 0 | N34: ='raw data'!Z34 -> 0 | O34: ='raw data'!AA34 -> 0 | P34: ='raw data'!AB34 -> 0 | Q34: ='raw data'!AC34 -> 0 | R34: ='raw data'!AD34 -> 0 | ... BI34: ='raw data'!BU34 -> 0 | CA34: =$L34-$P34 -> 0 | CB34: =$Q34-$U34 -> 0 | CC34: =$X34-$AB34 -> 0
A35: ='raw data'!D35 -> bto | B35: ='raw data'!F35 -> 9.47 | C35: =MAX('raw data'!G35:P35) -> 9.495 | D35: =MIN('raw data'!H35:Q35) -> 9.2981 | E35: =IF($A35="bto",analyze!C35-'raw data'!F35,IF($A35="sto",'raw data'!F35-analyze!D35,0)) -> 0.025 | F35: =IF(B35>0,E35/B35,0) -> 0.0026399155 | G35: =MAX('raw data'!R35:V35) -> 9.3399 | H35: =MIN('raw data'!R35:V35) -> 8.956 | I35: =IF(A35="bto",analyze!G35-B35,IF(A35="sto",B35-analyze!H35,0)) -> -0.1301 | J35: =IF(B35>0,I35/B35,0) -> -0.01373812 | K35: ='raw data'!W35 -> 0.29 | L35: ='raw data'!X35 -> 66.4564 | M35: ='raw data'!Y35 -> 59.718 | N35: ='raw data'!Z35 -> 57.8445 | O35: ='raw data'!AA35 -> 53.7845 | P35: ='raw data'!AB35 -> 52.938 | Q35: ='raw data'!AC35 -> -0.9855 | R35: ='raw data'!AD35 -> -1.2297 | ... BI35: ='raw data'!BU35 -> -179.0754 | CA35: =$L35-$P35 -> 13.5184 | CB35: =$Q35-$U35 -> 0.4609 | CC35: =$X35-$AB35 -> 0.6133 | CD35: =BF35-BH35 -> -4.37 | CE35: =AZ35-BA35 -> 0.52
A36: ='raw data'!D36 -> Sell to Close | B36: ='raw data'!F36 -> 9.35 | C36: =MAX('raw data'!G36:P36) -> 0 | D36: =MIN('raw data'!H36:Q36) -> -0.12 | E36: =IF($A36="bto",analyze!C36-'raw data'!F36,IF($A36="sto",'raw data'!F36-analyze!D36,0)) -> 0 | F36: =IF(B36>0,E36/B36,0) -> 0 | G36: =MAX('raw data'!R36:V36) -> 0 | H36: =MIN('raw data'!R36:V36) -> 0 | I36: =IF(A36="bto",analyze!G36-B36,IF(A36="sto",B36-analyze!H36,0)) -> 0 | J36: =IF(B36>0,I36/B36,0) -> 0 | K36: ='raw data'!W36 -> 0 | L36: ='raw data'!X36 -> 0 | M36: ='raw data'!Y36 -> 0 | N36: ='raw data'!Z36 -> 0 | O36: ='raw data'!AA36 -> 0 | P36: ='raw data'!AB36 -> 0 | Q36: ='raw data'!AC36 -> 0 | R36: ='raw data'!AD36 -> 0 | ... BI36: ='raw data'!BU36 -> 0 | CA36: =$L36-$P36 -> 0 | CB36: =$Q36-$U36 -> 0 | CC36: =$X36-$AB36 -> 0
A37: ='raw data'!D37 -> sto | B37: ='raw data'!F37 -> 9.205 | C37: =MAX('raw data'!G37:P37) -> 9.31 | D37: =MIN('raw data'!H37:Q37) -> 9.17 | E37: =IF($A37="bto",analyze!C37-'raw data'!F37,IF($A37="sto",'raw data'!F37-analyze!D37,0)) -> 0.035 | F37: =IF(B37>0,E37/B37,0) -> 0.0038022814 | G37: =MAX('raw data'!R37:V37) -> 9.1715 | H37: =MIN('raw data'!R37:V37) -> 9.0152 | I37: =IF(A37="bto",analyze!G37-B37,IF(A37="sto",B37-analyze!H37,0)) -> 0.1898 | J37: =IF(B37>0,I37/B37,0) -> 0.020619229 | K37: ='raw data'!W37 -> 0.6881 | L37: ='raw data'!X37 -> 21.7193 | M37: ='raw data'!Y37 -> 28.5365 | N37: ='raw data'!Z37 -> 56.0342 | O37: ='raw data'!AA37 -> 53.194 | P37: ='raw data'!AB37 -> 45.8601 | Q37: ='raw data'!AC37 -> -2.389 | R37: ='raw data'!AD37 -> -1.9454 | ... BI37: ='raw data'!BU37 -> -35.7039 | CA37: =$L37-$P37 -> -24.1408 | CB37: =$Q37-$U37 -> -0.9712 | CC37: =$X37-$AB37 -> -1.1782
A38: ='raw data'!D38 -> Buy to Close | B38: ='raw data'!F38 -> 9.3 | C38: =MAX('raw data'!G38:P38) -> 0 | D38: =MIN('raw data'!H38:Q38) -> -0.22 | E38: =IF($A38="bto",analyze!C38-'raw data'!F38,IF($A38="sto",'raw data'!F38-analyze!D38,0)) -> 0 | F38: =IF(B38>0,E38/B38,0) -> 0 | G38: =MAX('raw data'!R38:V38) -> 0 | H38: =MIN('raw data'!R38:V38) -> 0 | I38: =IF(A38="bto",analyze!G38-B38,IF(A38="sto",B38-analyze!H38,0)) -> 0 | J38: =IF(B38>0,I38/B38,0) -> 0 | K38: ='raw data'!W38 -> 0 | L38: ='raw data'!X38 -> 0 | M38: ='raw data'!Y38 -> 0 | N38: ='raw data'!Z38 -> 0 | O38: ='raw data'!AA38 -> 0 | P38: ='raw data'!AB38 -> 0 | Q38: ='raw data'!AC38 -> 0 | R38: ='raw data'!AD38 -> 0 | ... BI38: ='raw data'!BU38 -> 0 | CA38: =$L38-$P38 -> 0 | CB38: =$Q38-$U38 -> 0 | CC38: =$X38-$AB38 -> 0
A39: ='raw data'!D39 -> sto | B39: ='raw data'!F39 -> 9.165 | C39: =MAX('raw data'!G39:P39) -> 9.2199 | D39: =MIN('raw data'!H39:Q39) -> 9.1581 | E39: =IF($A39="bto",analyze!C39-'raw data'!F39,IF($A39="sto",'raw data'!F39-analyze!D39,0)) -> 0.0069 | F39: =IF(B39>0,E39/B39,0) -> 0.00075286416 | G39: =MAX('raw data'!R39:V39) -> 9.175 | H39: =MIN('raw data'!R39:V39) -> 8.91 | I39: =IF(A39="bto",analyze!G39-B39,IF(A39="sto",B39-analyze!H39,0)) -> 0.255 | J39: =IF(B39>0,I39/B39,0) -> 0.027823241 | K39: ='raw data'!W39 -> 0.8257 | L39: ='raw data'!X39 -> 29.8441 | M39: ='raw data'!Y39 -> 34.9261 | N39: ='raw data'!Z39 -> 52.4102 | O39: ='raw data'!AA39 -> 43.0294 | P39: ='raw data'!AB39 -> 21.7193 | Q39: ='raw data'!AC39 -> -3.2954 | R39: ='raw data'!AD39 -> -2.9907 | ... BI39: ='raw data'!BU39 -> -78.6041 | CA39: =$L39-$P39 -> 8.1248 | CB39: =$Q39-$U39 -> -0.9064 | CC39: =$X39-$AB39 -> -0.7515
A40: ='raw data'!D40 -> Buy to Close | B40: ='raw data'!F40 -> 9.16 | C40: =MAX('raw data'!G40:P40) -> 0 | D40: =MIN('raw data'!H40:Q40) -> -0.22 | E40: =IF($A40="bto",analyze!C40-'raw data'!F40,IF($A40="sto",'raw data'!F40-analyze!D40,0)) -> 0 | F40: =IF(B40>0,E40/B40,0) -> 0 | G40: =MAX('raw data'!R40:V40) -> 0 | H40: =MIN('raw data'!R40:V40) -> 0 | I40: =IF(A40="bto",analyze!G40-B40,IF(A40="sto",B40-analyze!H40,0)) -> 0 | J40: =IF(B40>0,I40/B40,0) -> 0 | K40: ='raw data'!W40 -> 0 | L40: ='raw data'!X40 -> 0 | M40: ='raw data'!Y40 -> 0 | N40: ='raw data'!Z40 -> 0 | O40: ='raw data'!AA40 -> 0 | P40: ='raw data'!AB40 -> 0 | Q40: ='raw data'!AC40 -> 0 | R40: ='raw data'!AD40 -> 0 | ... BI40: ='raw data'!BU40 -> 0 | CA40: =$L40-$P40 -> 0 | CB40: =$Q40-$U40 -> 0 | CC40: =$X40-$AB40 -> 0
A41: ='raw data'!D41 -> sto | B41: ='raw data'!F41 -> 9.1645 | C41: =MAX('raw data'!G41:P41) -> 9.205 | D41: =MIN('raw data'!H41:Q41) -> 9.1581 | E41: =IF($A41="bto",analyze!C41-'raw data'!F41,IF($A41="sto",'raw data'!F41-analyze!D41,0)) -> 0.0064 | F41: =IF(B41>0,E41/B41,0) -> 0.00069834688 | G41: =MAX('raw data'!R41:V41) -> 9.12 | H41: =MIN('raw data'!R41:V41) -> 8.97 | I41: =IF(A41="bto",analyze!G41-B41,IF(A41="sto",B41-analyze!H41,0)) -> 0.1945 | J41: =IF(B41>0,I41/B41,0) -> 0.021223198 | K41: ='raw data'!W41 -> 0.2831 | L41: ='raw data'!X41 -> 36.1629 | M41: ='raw data'!Y41 -> 46.7648 | N41: ='raw data'!Z41 -> 34.9261 | O41: ='raw data'!AA41 -> 57.5242 | P41: ='raw data'!AB41 -> 27.4761 | Q41: ='raw data'!AC41 -> -3.1981 | R41: ='raw data'!AD41 -> -2.7204 | ... BI41: ='raw data'!BU41 -> -84.1472 | CA41: =$L41-$P41 -> 8.6868 | CB41: =$Q41-$U41 -> -0.5164 | CC41: =$X41-$AB41 -> -0.8279
A42: ='raw data'!D42 -> Buy to Close | B42: ='raw data'!F42 -> 9.19 | C42: =MAX('raw data'!G42:P42) -> 0 | D42: =MIN('raw data'!H42:Q42) -> -0.24 | E42: =IF($A42="bto",analyze!C42-'raw data'!F42,IF($A42="sto",'raw data'!F42-analyze!D42,0)) -> 0 | F42: =IF(B42>0,E42/B42,0) -> 0 | G42: =MAX('raw data'!R42:V42) -> 0 | H42: =MIN('raw data'!R42:V42) -> 0 | I42: =IF(A42="bto",analyze!G42-B42,IF(A42="sto",B42-analyze!H42,0)) -> 0 | J42: =IF(B42>0,I42/B42,0) -> 0 | K42: ='raw data'!W42 -> 0 | L42: ='raw data'!X42 -> 0 | M42: ='raw data'!Y42 -> 0 | N42: ='raw data'!Z42 -> 0 | O42: ='raw data'!AA42 -> 0 | P42: ='raw data'!AB42 -> 0 | Q42: ='raw data'!AC42 -> 0 | R42: ='raw data'!AD42 -> 0 | ... BI42: ='raw data'!BU42 -> 0 | CA42: =$L42-$P42 -> 0 | CB42: =$Q42-$U42 -> 0 | CC42: =$X42-$AB42 -> 0
A43: ='raw data'!D43 -> sto | B43: ='raw data'!F43 -> 8.98 | C43: =MAX('raw data'!G43:P43) -> 8.9783 | D43: =MIN('raw data'!H43:Q43) -> 8.915 | E43: =IF($A43="bto",analyze!C43-'raw data'!F43,IF($A43="sto",'raw data'!F43-analyze!D43,0)) -> 0.065 | F43: =IF(B43>0,E43/B43,0) -> 0.0072383073 | G43: =MAX('raw data'!R43:V43) -> 9.07 | H43: =MIN('raw data'!R43:V43) -> 8.6481 | I43: =IF(A43="bto",analyze!G43-B43,IF(A43="sto",B43-analyze!H43,0)) -> 0.3319 | J43: =IF(B43>0,I43/B43,0) -> 0.036959911 | K43: ='raw data'!W43 -> 0.2108 | L43: ='raw data'!X43 -> 47.414 | M43: ='raw data'!Y43 -> 56.8618 | N43: ='raw data'!Z43 -> 72.9562 | O43: ='raw data'!AA43 -> 70.3029 | P43: ='raw data'!AB43 -> 42.3397 | Q43: ='raw data'!AC43 -> -7.803 | R43: ='raw data'!AD43 -> -7.6214 | ... BI43: ='raw data'!BU43 -> -221.8385 | CA43: =$L43-$P43 -> 5.0743 | CB43: =$Q43-$U43 -> 0.0645 | CC43: =$X43-$AB43 -> 1.5205
A44: ='raw data'!D44 -> Buy to Close | B44: ='raw data'!F44 -> 8.98 | C44: =MAX('raw data'!G44:P44) -> 0 | D44: =MIN('raw data'!H44:Q44) -> -0.24 | E44: =IF($A44="bto",analyze!C44-'raw data'!F44,IF($A44="sto",'raw data'!F44-analyze!D44,0)) -> 0 | F44: =IF(B44>0,E44/B44,0) -> 0 | G44: =MAX('raw data'!R44:V44) -> 0 | H44: =MIN('raw data'!R44:V44) -> 0 | I44: =IF(A44="bto",analyze!G44-B44,IF(A44="sto",B44-analyze!H44,0)) -> 0 | J44: =IF(B44>0,I44/B44,0) -> 0 | K44: ='raw data'!W44 -> 0 | L44: ='raw data'!X44 -> 0 | M44: ='raw data'!Y44 -> 0 | N44: ='raw data'!Z44 -> 0 | O44: ='raw data'!AA44 -> 0 | P44: ='raw data'!AB44 -> 0 | Q44: ='raw data'!AC44 -> 0 | R44: ='raw data'!AD44 -> 0 | ... BI44: ='raw data'!BU44 -> 0 | CA44: =$L44-$P44 -> 0 | CB44: =$Q44-$U44 -> 0 | CC44: =$X44-$AB44 -> 0
A45: ='raw data'!D45 -> sto | B45: ='raw data'!F45 -> 9 | C45: =MAX('raw data'!G45:P45) -> 9.05 | D45: =MIN('raw data'!H45:Q45) -> 8.955 | E45: =IF($A45="bto",analyze!C45-'raw data'!F45,IF($A45="sto",'raw data'!F45-analyze!D45,0)) -> 0.045 | F45: =IF(B45>0,E45/B45,0) -> 0.005 | G45: =MAX('raw data'!R45:V45) -> 9.1194 | H45: =MIN('raw data'!R45:V45) -> 8.6741 | I45: =IF(A45="bto",analyze!G45-B45,IF(A45="sto",B45-analyze!H45,0)) -> 0.3259 | J45: =IF(B45>0,I45/B45,0) -> 0.036211111 | K45: ='raw data'!W45 -> 0.2788 | L45: ='raw data'!X45 -> 42.2571 | M45: ='raw data'!Y45 -> 47.6387 | N45: ='raw data'!Z45 -> 62.4812 | O45: ='raw data'!AA45 -> 67.9249 | P45: ='raw data'!AB45 -> 68.0479 | Q45: ='raw data'!AC45 -> -8.5278 | R45: ='raw data'!AD45 -> -8.4815 | ... BI45: ='raw data'!BU45 -> -311.3578 | CA45: =$L45-$P45 -> -25.7908 | CB45: =$Q45-$U45 -> -0.3249 | CC45: =$X45-$AB45 -> -0.4014
A46: ='raw data'!D46 -> Buy to Close | B46: ='raw data'!F46 -> 8.98 | C46: =MAX('raw data'!G46:P46) -> 0.02 | D46: =MIN('raw data'!H46:Q46) -> -0.22 | E46: =IF($A46="bto",analyze!C46-'raw data'!F46,IF($A46="sto",'raw data'!F46-analyze!D46,0)) -> 0 | F46: =IF(B46>0,E46/B46,0) -> 0 | G46: =MAX('raw data'!R46:V46) -> 0 | H46: =MIN('raw data'!R46:V46) -> 0 | I46: =IF(A46="bto",analyze!G46-B46,IF(A46="sto",B46-analyze!H46,0)) -> 0 | J46: =IF(B46>0,I46/B46,0) -> 0 | K46: ='raw data'!W46 -> 0 | L46: ='raw data'!X46 -> 0 | M46: ='raw data'!Y46 -> 0 | N46: ='raw data'!Z46 -> 0 | O46: ='raw data'!AA46 -> 0 | P46: ='raw data'!AB46 -> 0 | Q46: ='raw data'!AC46 -> 0 | R46: ='raw data'!AD46 -> 0 | ... BI46: ='raw data'!BU46 -> 0 | CA46: =$L46-$P46 -> 0 | CB46: =$Q46-$U46 -> 0 | CC46: =$X46-$AB46 -> 0
A47: ='raw data'!D47 -> sto | B47: ='raw data'!F47 -> 9.14 | C47: =MAX('raw data'!G47:P47) -> 9.1683 | D47: =MIN('raw data'!H47:Q47) -> 9.08 | E47: =IF($A47="bto",analyze!C47-'raw data'!F47,IF($A47="sto",'raw data'!F47-analyze!D47,0)) -> 0.06 | F47: =IF(B47>0,E47/B47,0) -> 0.0065645514 | G47: =MAX('raw data'!R47:V47) -> 9.1 | H47: =MIN('raw data'!R47:V47) -> 8.505 | I47: =IF(A47="bto",analyze!G47-B47,IF(A47="sto",B47-analyze!H47,0)) -> 0.635 | J47: =IF(B47>0,I47/B47,0) -> 0.069474836 | K47: ='raw data'!W47 -> 0.426 | L47: ='raw data'!X47 -> 43.4346 | M47: ='raw data'!Y47 -> 58.4794 | N47: ='raw data'!Z47 -> 74.1359 | O47: ='raw data'!AA47 -> 78.1062 | P47: ='raw data'!AB47 -> 64.3638 | Q47: ='raw data'!AC47 -> -9.2462 | R47: ='raw data'!AD47 -> -8.9579 | ... BI47: ='raw data'!BU47 -> -409.9532 | CA47: =$L47-$P47 -> -20.9292 | CB47: =$Q47-$U47 -> -0.1403 | CC47: =$X47-$AB47 -> 0.198
... A54: ='raw data'!D54 -> Buy to Close | B54: ='raw data'!F54 -> 8.54 | C54: =MAX('raw data'!G54:P54) -> 0 | D54: =MIN('raw data'!H54:Q54) -> -0.14 | E54: =IF($A54="bto",analyze!C54-'raw data'!F54,IF($A54="sto",'raw data'!F54-analyze!D54,0)) -> 0 | F54: =IF(B54>0,E54/B54,0) -> 0 | G54: =MAX('raw data'!R54:V54) -> 0 | H54: =MIN('raw data'!R54:V54) -> 0 | I54: =IF(A54="bto",analyze!G54-B54,IF(A54="sto",B54-analyze!H54,0)) -> 0 | J54: =IF(B54>0,I54/B54,0) -> 0 | K54: ='raw data'!W54 -> 0 | L54: ='raw data'!X54 -> 0 | M54: ='raw data'!Y54 -> 0 | N54: ='raw data'!Z54 -> 0 | O54: ='raw data'!AA54 -> 0 | P54: ='raw data'!AB54 -> 0 | Q54: ='raw data'!AC54 -> 0 | R54: ='raw data'!AD54 -> 0 | ... BI54: ='raw data'!BU54 -> 0 | CA54: =$L54-$P54 -> 0 | CB54: =$Q54-$U54 -> 0 | CC54: =$X54-$AB54 -> 0
A55: ='raw data'!D55 -> bto | B55: ='raw data'!F55 -> 8.8257 | C55: =MAX('raw data'!G55:P55) -> 8.9065 | D55: =MIN('raw data'!H55:Q55) -> 8.7427 | E55: =IF($A55="bto",analyze!C55-'raw data'!F55,IF($A55="sto",'raw data'!F55-analyze!D55,0)) -> 0.0808 | F55: =IF(B55>0,E55/B55,0) -> 0.0091550812 | G55: =MAX('raw data'!R55:V55) -> 9.0319 | H55: =MIN('raw data'!R55:V55) -> 8.775 | I55: =IF(A55="bto",analyze!G55-B55,IF(A55="sto",B55-analyze!H55,0)) -> 0.2062 | J55: =IF(B55>0,I55/B55,0) -> 0.023363586 | K55: ='raw data'!W55 -> 0.3449 | L55: ='raw data'!X55 -> 73.117 | M55: ='raw data'!Y55 -> 70.2957 | N55: ='raw data'!Z55 -> 59.117 | O55: ='raw data'!AA55 -> 79.3392 | P55: ='raw data'!AB55 -> 75.3402 | Q55: ='raw data'!AC55 -> -0.0642 | R55: ='raw data'!AD55 -> -0.2765 | ... BI55: ='raw data'!BU55 -> -105.4348 | CA55: =$L55-$P55 -> -2.2232 | CB55: =$Q55-$U55 -> 0.4139 | CC55: =$X55-$AB55 -> 1.0818 | CD55: =BF55-BH55 -> 99.5038 | CE55: =AZ55-BA55 -> 1.2801
A56: ='raw data'!D56 -> Sell to Close | B56: ='raw data'!F56 -> 8.74 | C56: =MAX('raw data'!G56:P56) -> 0 | D56: =MIN('raw data'!H56:Q56) -> -0.23 | E56: =IF($A56="bto",analyze!C56-'raw data'!F56,IF($A56="sto",'raw data'!F56-analyze!D56,0)) -> 0 | F56: =IF(B56>0,E56/B56,0) -> 0 | G56: =MAX('raw data'!R56:V56) -> 0 | H56: =MIN('raw data'!R56:V56) -> 0 | I56: =IF(A56="bto",analyze!G56-B56,IF(A56="sto",B56-analyze!H56,0)) -> 0 | J56: =IF(B56>0,I56/B56,0) -> 0 | K56: ='raw data'!W56 -> 0 | L56: ='raw data'!X56 -> 0 | M56: ='raw data'!Y56 -> 0 | N56: ='raw data'!Z56 -> 0 | O56: ='raw data'!AA56 -> 0 | P56: ='raw data'!AB56 -> 0 | Q56: ='raw data'!AC56 -> 0 | R56: ='raw data'!AD56 -> 0 | ... BI56: ='raw data'!BU56 -> 0 | CA56: =$L56-$P56 -> 0 | CB56: =$Q56-$U56 -> 0 | CC56: =$X56-$AB56 -> 0
A57: ='raw data'!D57 -> bto | B57: ='raw data'!F57 -> 8.82 | C57: =MAX('raw data'!G57:P57) -> 9.035 | D57: =MIN('raw data'!H57:Q57) -> 8.87 | E57: =IF($A57="bto",analyze!C57-'raw data'!F57,IF($A57="sto",'raw data'!F57-analyze!D57,0)) -> 0.215 | F57: =IF(B57>0,E57/B57,0) -> 0.024376417 | G57: =MAX('raw data'!R57:V57) -> 9.105 | H57: =MIN('raw data'!R57:V57) -> 8.765 | I57: =IF(A57="bto",analyze!G57-B57,IF(A57="sto",B57-analyze!H57,0)) -> 0.285 | J57: =IF(B57>0,I57/B57,0) -> 0.032312925 | K57: ='raw data'!W57 -> 0.2949 | L57: ='raw data'!X57 -> 68.6398 | M57: ='raw data'!Y57 -> 63.5691 | N57: ='raw data'!Z57 -> 60.8477 | O57: ='raw data'!AA57 -> 61.5929 | P57: ='raw data'!AB57 -> 62.0642 | Q57: ='raw data'!AC57 -> -0.0962 | R57: ='raw data'!AD57 -> -0.1754 | ... BI57: ='raw data'!BU57 -> -119.8613 | CA57: =$L57-$P57 -> 6.5756 | CB57: =$Q57-$U57 -> 0.1812 | CC57: =$X57-$AB57 -> 0.715 | CD57: =BF57-BH57 -> 30.9919 | CE57: =AZ57-BA57 -> -0.14
A58: ='raw data'!D58 -> Sell to Close | B58: ='raw data'!F58 -> 8.87 | C58: =MAX('raw data'!G58:P58) -> 0.05 | D58: =MIN('raw data'!H58:Q58) -> -0.18 | E58: =IF($A58="bto",analyze!C58-'raw data'!F58,IF($A58="sto",'raw data'!F58-analyze!D58,0)) -> 0 | F58: =IF(B58>0,E58/B58,0) -> 0 | G58: =MAX('raw data'!R58:V58) -> 0 | H58: =MIN('raw data'!R58:V58) -> 0 | I58: =IF(A58="bto",analyze!G58-B58,IF(A58="sto",B58-analyze!H58,0)) -> 0 | J58: =IF(B58>0,I58/B58,0) -> 0 | K58: ='raw data'!W58 -> 0 | L58: ='raw data'!X58 -> 0 | M58: ='raw data'!Y58 -> 0 | N58: ='raw data'!Z58 -> 0 | O58: ='raw data'!AA58 -> 0 | P58: ='raw data'!AB58 -> 0 | Q58: ='raw data'!AC58 -> 0 | R58: ='raw data'!AD58 -> 0 | ... BI58: ='raw data'!BU58 -> 0 | CA58: =$L58-$P58 -> 0 | CB58: =$Q58-$U58 -> 0 | CC58: =$X58-$AB58 -> 0
A59: ='raw data'!D59 -> bto | B59: ='raw data'!F59 -> 8.9081 | C59: =MAX('raw data'!G59:P59) -> 9.035 | D59: =MIN('raw data'!H59:Q59) -> 8.865 | E59: =IF($A59="bto",analyze!C59-'raw data'!F59,IF($A59="sto",'raw data'!F59-analyze!D59,0)) -> 0.1269 | F59: =IF(B59>0,E59/B59,0) -> 0.014245462 | G59: =MAX('raw data'!R59:V59) -> 9.09 | H59: =MIN('raw data'!R59:V59) -> 8.6908 | I59: =IF(A59="bto",analyze!G59-B59,IF(A59="sto",B59-analyze!H59,0)) -> 0.1819 | J59: =IF(B59>0,I59/B59,0) -> 0.020419618 | K59: ='raw data'!W59 -> 0.2839 | L59: ='raw data'!X59 -> 75.8108 | M59: ='raw data'!Y59 -> 72.5767 | N59: ='raw data'!Z59 -> 74.2695 | O59: ='raw data'!AA59 -> 69.7651 | P59: ='raw data'!AB59 -> 68.6398 | Q59: ='raw data'!AC59 -> 0.5539 | R59: ='raw data'!AD59 -> 0.3599 | ... BI59: ='raw data'!BU59 -> -129.9808 | CA59: =$L59-$P59 -> 7.171 | CB59: =$Q59-$U59 -> 0.6501 | CC59: =$X59-$AB59 -> 0.6986 | CD59: =BF59-BH59 -> 29.5498 | CE59: =AZ59-BA59 -> 1.08
A60: ='raw data'!D60 -> Sell to Close | B60: ='raw data'!F60 -> 9.01 | C60: =MAX('raw data'!G60:P60) -> 0.1 | D60: =MIN('raw data'!H60:Q60) -> -0.08 | E60: =IF($A60="bto",analyze!C60-'raw data'!F60,IF($A60="sto",'raw data'!F60-analyze!D60,0)) -> 0 | F60: =IF(B60>0,E60/B60,0) -> 0 | G60: =MAX('raw data'!R60:V60) -> 0 | H60: =MIN('raw data'!R60:V60) -> 0 | I60: =IF(A60="bto",analyze!G60-B60,IF(A60="sto",B60-analyze!H60,0)) -> 0 | J60: =IF(B60>0,I60/B60,0) -> 0 | K60: ='raw data'!W60 -> 0 | L60: ='raw data'!X60 -> 0 | M60: ='raw data'!Y60 -> 0 | N60: ='raw data'!Z60 -> 0 | O60: ='raw data'!AA60 -> 0 | P60: ='raw data'!AB60 -> 0 | Q60: ='raw data'!AC60 -> 0 | R60: ='raw data'!AD60 -> 0 | ... BI60: ='raw data'!BU60 -> 0 | CA60: =$L60-$P60 -> 0 | CB60: =$Q60-$U60 -> 0 | CC60: =$X60-$AB60 -> 0
A61: ='raw data'!D61 -> bto | B61: ='raw data'!F61 -> 9.1029 | C61: =MAX('raw data'!G61:P61) -> 9.175 | D61: =MIN('raw data'!H61:Q61) -> 9.0119 | E61: =IF($A61="bto",analyze!C61-'raw data'!F61,IF($A61="sto",'raw data'!F61-analyze!D61,0)) -> 0.0721 | F61: =IF(B61>0,E61/B61,0) -> 0.0079205528 | G61: =MAX('raw data'!R61:V61) -> 8.92 | H61: =MIN('raw data'!R61:V61) -> 8.7971 | I61: =IF(A61="bto",analyze!G61-B61,IF(A61="sto",B61-analyze!H61,0)) -> -0.1829 | J61: =IF(B61>0,I61/B61,0) -> -0.020092498 | K61: ='raw data'!W61 -> 0.6689 | L61: ='raw data'!X61 -> 72.1076 | M61: ='raw data'!Y61 -> 60.2259 | N61: ='raw data'!Z61 -> 53.1264 | O61: ='raw data'!AA61 -> 66.322 | P61: ='raw data'!AB61 -> 66.8635 | Q61: ='raw data'!AC61 -> 0.899 | R61: ='raw data'!AD61 -> 0.5456 | ... BI61: ='raw data'!BU61 -> -161.1128 | CA61: =$L61-$P61 -> 5.2441 | CB61: =$Q61-$U61 -> 0.3854 | CC61: =$X61-$AB61 -> 1.0877 | CD61: =BF61-BH61 -> 60.4882 | CE61: =AZ61-BA61 -> 0.75
A62: ='raw data'!D62 -> Sell to Close | B62: ='raw data'!F62 -> 9.18 | C62: =MAX('raw data'!G62:P62) -> 0.08 | D62: =MIN('raw data'!H62:Q62) -> 0 | E62: =IF($A62="bto",analyze!C62-'raw data'!F62,IF($A62="sto",'raw data'!F62-analyze!D62,0)) -> 0 | F62: =IF(B62>0,E62/B62,0) -> 0 | G62: =MAX('raw data'!R62:V62) -> 0 | H62: =MIN('raw data'!R62:V62) -> 0 | I62: =IF(A62="bto",analyze!G62-B62,IF(A62="sto",B62-analyze!H62,0)) -> 0 | J62: =IF(B62>0,I62/B62,0) -> 0 | K62: ='raw data'!W62 -> 0 | L62: ='raw data'!X62 -> 0 | M62: ='raw data'!Y62 -> 0 | N62: ='raw data'!Z62 -> 0 | O62: ='raw data'!AA62 -> 0 | P62: ='raw data'!AB62 -> 0 | Q62: ='raw data'!AC62 -> 0 | R62: ='raw data'!AD62 -> 0 | ... BI62: ='raw data'!BU62 -> 0 | CA62: =$L62-$P62 -> 0 | CB62: =$Q62-$U62 -> 0 | CC62: =$X62-$AB62 -> 0
A63: ='raw data'!D63 -> bto | B63: ='raw data'!F63 -> 9.0942 | C63: =MAX('raw data'!G63:P63) -> 9.1801 | D63: =MIN('raw data'!H63:Q63) -> 8.88 | E63: =IF($A63="bto",analyze!C63-'raw data'!F63,IF($A63="sto",'raw data'!F63-analyze!D63,0)) -> 0.0859 | F63: =IF(B63>0,E63/B63,0) -> 0.0094455807 | G63: =MAX('raw data'!R63:V63) -> 9.1 | H63: =MIN('raw data'!R63:V63) -> 8.775 | I63: =IF(A63="bto",analyze!G63-B63,IF(A63="sto",B63-analyze!H63,0)) -> 0.0058 | J63: =IF(B63>0,I63/B63,0) -> 0.00063776913 | K63: ='raw data'!W63 -> 0.1941 | L63: ='raw data'!X63 -> 60.964 | M63: ='raw data'!Y63 -> 58.6673 | N63: ='raw data'!Z63 -> 76.2025 | O63: ='raw data'!AA63 -> 70.7569 | P63: ='raw data'!AB63 -> 72.1076 | Q63: ='raw data'!AC63 -> 1.2048 | R63: ='raw data'!AD63 -> 1.1242 | ... BI63: ='raw data'!BU63 -> -161.6381 | CA63: =$L63-$P63 -> -11.1436 | CB63: =$Q63-$U63 -> 0.3058 | CC63: =$X63-$AB63 -> -0.1213 | CD63: =BF63-BH63 -> 59.2311 | CE63: =AZ63-BA63 -> 0.34
A64: ='raw data'!D64 -> Sell to Close | B64: ='raw data'!F64 -> 9.18 | C64: =MAX('raw data'!G64:P64) -> 0.09 | D64: =MIN('raw data'!H64:Q64) -> 0 | E64: =IF($A64="bto",analyze!C64-'raw data'!F64,IF($A64="sto",'raw data'!F64-analyze!D64,0)) -> 0 | F64: =IF(B64>0,E64/B64,0) -> 0 | G64: =MAX('raw data'!R64:V64) -> 0 | H64: =MIN('raw data'!R64:V64) -> 0 | I64: =IF(A64="bto",analyze!G64-B64,IF(A64="sto",B64-analyze!H64,0)) -> 0 | J64: =IF(B64>0,I64/B64,0) -> 0 | K64: ='raw data'!W64 -> 0 | L64: ='raw data'!X64 -> 0 | M64: ='raw data'!Y64 -> 0 | N64: ='raw data'!Z64 -> 0 | O64: ='raw data'!AA64 -> 0 | P64: ='raw data'!AB64 -> 0 | Q64: ='raw data'!AC64 -> 0 | R64: ='raw data'!AD64 -> 0 | ... BI64: ='raw data'!BU64 -> 0 | CA64: =$L64-$P64 -> 0 | CB64: =$Q64-$U64 -> 0 | CC64: =$X64-$AB64 -> 0
A65: ='raw data'!D65 -> sto | B65: ='raw data'!F65 -> 8.8081 | C65: =MAX('raw data'!G65:P65) -> 8.84 | D65: =MIN('raw data'!H65:Q65) -> 8.635 | E65: =IF($A65="bto",analyze!C65-'raw data'!F65,IF($A65="sto",'raw data'!F65-analyze!D65,0)) -> 0.1731 | F65: =IF(B65>0,E65/B65,0) -> 0.019652365 | G65: =MAX('raw data'!R65:V65) -> 9.09 | H65: =MIN('raw data'!R65:V65) -> 8.6702 | I65: =IF(A65="bto",analyze!G65-B65,IF(A65="sto",B65-analyze!H65,0)) -> 0.1379 | J65: =IF(B65>0,I65/B65,0) -> 0.015656044 | K65: ='raw data'!W65 -> 0.3159 | L65: ='raw data'!X65 -> 24.2081 | M65: ='raw data'!Y65 -> 28.8079 | N65: ='raw data'!Z65 -> 44.793 | O65: ='raw data'!AA65 -> 61.8187 | P65: ='raw data'!AB65 -> 50.4992 | Q65: ='raw data'!AC65 -> 0.401 | R65: ='raw data'!AD65 -> 0.5291 | ... BI65: ='raw data'!BU65 -> -97.3657 | CA65: =$L65-$P65 -> -26.2911 | CB65: =$Q65-$U65 -> -0.5518 | CC65: =$X65-$AB65 -> -2.1544
A66: ='raw data'!D66 -> Buy to Close | B66: ='raw data'!F66 -> 8.78 | C66: =MAX('raw data'!G66:P66) -> 0.12 | D66: =MIN('raw data'!H66:Q66) -> 0 | E66: =IF($A66="bto",analyze!C66-'raw data'!F66,IF($A66="sto",'raw data'!F66-analyze!D66,0)) -> 0 | F66: =IF(B66>0,E66/B66,0) -> 0 | G66: =MAX('raw data'!R66:V66) -> 0 | H66: =MIN('raw data'!R66:V66) -> 0 | I66: =IF(A66="bto",analyze!G66-B66,IF(A66="sto",B66-analyze!H66,0)) -> 0 | J66: =IF(B66>0,I66/B66,0) -> 0 | K66: ='raw data'!W66 -> 0 | L66: ='raw data'!X66 -> 0 | M66: ='raw data'!Y66 -> 0 | N66: ='raw data'!Z66 -> 0 | O66: ='raw data'!AA66 -> 0 | P66: ='raw data'!AB66 -> 0 | Q66: ='raw data'!AC66 -> 0 | R66: ='raw data'!AD66 -> 0 | ... BI66: ='raw data'!BU66 -> 0 | CA66: =$L66-$P66 -> 0 | CB66: =$Q66-$U66 -> 0 | CC66: =$X66-$AB66 -> 0
A67: ='raw data'!D67 -> sto | B67: ='raw data'!F67 -> 8.73 | C67: =MAX('raw data'!G67:P67) -> 8.785 | D67: =MIN('raw data'!H67:Q67) -> 8.635 | E67: =IF($A67="bto",analyze!C67-'raw data'!F67,IF($A67="sto",'raw data'!F67-analyze!D67,0)) -> 0.095 | F67: =IF(B67>0,E67/B67,0) -> 0.010882016 | G67: =MAX('raw data'!R67:V67) -> 9.0444 | H67: =MIN('raw data'!R67:V67) -> 8.8306 | I67: =IF(A67="bto",analyze!G67-B67,IF(A67="sto",B67-analyze!H67,0)) -> -0.1006 | J67: =IF(B67>0,I67/B67,0) -> -0.011523482 | K67: ='raw data'!W67 -> 0.2722 | L67: ='raw data'!X67 -> 28.3736 | M67: ='raw data'!Y67 -> 36.2419 | N67: ='raw data'!Z67 -> 31.99 | O67: ='raw data'!AA67 -> 35.5895 | P67: ='raw data'!AB67 -> 69.7026 | Q67: ='raw data'!AC67 -> -0.0008 | R67: ='raw data'!AD67 -> 0.1641 | ... BI67: ='raw data'!BU67 -> -101.9206 | CA67: =$L67-$P67 -> -41.329 | CB67: =$Q67-$U67 -> -1.517 | CC67: =$X67-$AB67 -> -4.4897
A68: ='raw data'!D68 -> Buy to Close | B68: ='raw data'!F68 -> 8.76 | C68: =MAX('raw data'!G68:P68) -> 0.09 | D68: =MIN('raw data'!H68:Q68) -> -0.03 | E68: =IF($A68="bto",analyze!C68-'raw data'!F68,IF($A68="sto",'raw data'!F68-analyze!D68,0)) -> 0 | F68: =IF(B68>0,E68/B68,0) -> 0 | G68: =MAX('raw data'!R68:V68) -> 0 | H68: =MIN('raw data'!R68:V68) -> 0 | I68: =IF(A68="bto",analyze!G68-B68,IF(A68="sto",B68-analyze!H68,0)) -> 0 | J68: =IF(B68>0,I68/B68,0) -> 0 | K68: ='raw data'!W68 -> 0 | L68: ='raw data'!X68 -> 0 | M68: ='raw data'!Y68 -> 0 | N68: ='raw data'!Z68 -> 0 | O68: ='raw data'!AA68 -> 0 | P68: ='raw data'!AB68 -> 0 | Q68: ='raw data'!AC68 -> 0 | R68: ='raw data'!AD68 -> 0 | ... BI68: ='raw data'!BU68 -> 0 | CA68: =$L68-$P68 -> 0 | CB68: =$Q68-$U68 -> 0 | CC68: =$X68-$AB68 -> 0
A69: ='raw data'!D69 -> sto | B69: ='raw data'!F69 -> 8.755 | C69: =MAX('raw data'!G69:P69) -> 8.723 | D69: =MIN('raw data'!H69:Q69) -> 8.635 | E69: =IF($A69="bto",analyze!C69-'raw data'!F69,IF($A69="sto",'raw data'!F69-analyze!D69,0)) -> 0.12 | F69: =IF(B69>0,E69/B69,0) -> 0.013706453 | G69: =MAX('raw data'!R69:V69) -> 9.05 | H69: =MIN('raw data'!R69:V69) -> 8.79 | I69: =IF(A69="bto",analyze!G69-B69,IF(A69="sto",B69-analyze!H69,0)) -> -0.035 | J69: =IF(B69>0,I69/B69,0) -> -0.0039977156 | K69: ='raw data'!W69 -> 0.2953 | L69: ='raw data'!X69 -> 34.032 | M69: ='raw data'!Y69 -> 38.2175 | N69: ='raw data'!Z69 -> 36.2419 | O69: ='raw data'!AA69 -> 24.0025 | P69: ='raw data'!AB69 -> 33.9133 | Q69: ='raw data'!AC69 -> -0.1233 | R69: ='raw data'!AD69 -> 0.0421 | ... BI69: ='raw data'!BU69 -> -73.402 | CA69: =$L69-$P69 -> 0.1187 | CB69: =$Q69-$U69 -> -1.0563 | CC69: =$X69-$AB69 -> -2.0055
A70: ='raw data'!D70 -> Buy to Close | B70: ='raw data'!F70 -> 8.68 | C70: =MAX('raw data'!G70:P70) -> 0.17 | D70: =MIN('raw data'!H70:Q70) -> 0 | E70: =IF($A70="bto",analyze!C70-'raw data'!F70,IF($A70="sto",'raw data'!F70-analyze!D70,0)) -> 0 | F70: =IF(B70>0,E70/B70,0) -> 0 | G70: =MAX('raw data'!R70:V70) -> 0 | H70: =MIN('raw data'!R70:V70) -> 0 | I70: =IF(A70="bto",analyze!G70-B70,IF(A70="sto",B70-analyze!H70,0)) -> 0 | J70: =IF(B70>0,I70/B70,0) -> 0 | K70: ='raw data'!W70 -> 0 | L70: ='raw data'!X70 -> 0 | M70: ='raw data'!Y70 -> 0 | N70: ='raw data'!Z70 -> 0 | O70: ='raw data'!AA70 -> 0 | P70: ='raw data'!AB70 -> 0 | Q70: ='raw data'!AC70 -> 0 | R70: ='raw data'!AD70 -> 0 | ... BI70: ='raw data'!BU70 -> 0 | CA70: =$L70-$P70 -> 0 | CB70: =$Q70-$U70 -> 0 | CC70: =$X70-$AB70 -> 0
A71: ='raw data'!D71 -> bto | B71: ='raw data'!F71 -> 8.79 | C71: =MAX('raw data'!G71:P71) -> 8.8681 | D71: =MIN('raw data'!H71:Q71) -> 8.7719 | E71: =IF($A71="bto",analyze!C71-'raw data'!F71,IF($A71="sto",'raw data'!F71-analyze!D71,0)) -> 0.0781 | F71: =IF(B71>0,E71/B71,0) -> 0.0088850967 | G71: =MAX('raw data'!R71:V71) -> 9.2381 | H71: =MIN('raw data'!R71:V71) -> 8.7999 | I71: =IF(A71="bto",analyze!G71-B71,IF(A71="sto",B71-analyze!H71,0)) -> 0.4481 | J71: =IF(B71>0,I71/B71,0) -> 0.050978385 | K71: ='raw data'!W71 -> 0.3449 | L71: ='raw data'!X71 -> 60.2338 | M71: ='raw data'!Y71 -> 51.2094 | N71: ='raw data'!Z71 -> 51.2094 | O71: ='raw data'!AA71 -> 45.3275 | P71: ='raw data'!AB71 -> 34.8563 | Q71: ='raw data'!AC71 -> 0.0232 | R71: ='raw data'!AD71 -> -0.0485 | ... BI71: ='raw data'!BU71 -> 29.3707 | CA71: =$L71-$P71 -> 25.3775 | CB71: =$Q71-$U71 -> 0.205 | CC71: =$X71-$AB71 -> 1.3634 | CD71: =BF71-BH71 -> 51.895 | CE71: =AZ71-BA71 -> 0.1793
A72: ='raw data'!D72 -> Sell to Close | B72: ='raw data'!F72 -> 8.84 | C72: =MAX('raw data'!G72:P72) -> 0.22 | D72: =MIN('raw data'!H72:Q72) -> 0 | E72: =IF($A72="bto",analyze!C72-'raw data'!F72,IF($A72="sto",'raw data'!F72-analyze!D72,0)) -> 0 | F72: =IF(B72>0,E72/B72,0) -> 0 | G72: =MAX('raw data'!R72:V72) -> 0 | H72: =MIN('raw data'!R72:V72) -> 0 | I72: =IF(A72="bto",analyze!G72-B72,IF(A72="sto",B72-analyze!H72,0)) -> 0 | J72: =IF(B72>0,I72/B72,0) -> 0 | K72: ='raw data'!W72 -> 0 | L72: ='raw data'!X72 -> 0 | M72: ='raw data'!Y72 -> 0 | N72: ='raw data'!Z72 -> 0 | O72: ='raw data'!AA72 -> 0 | P72: ='raw data'!AB72 -> 0 | Q72: ='raw data'!AC72 -> 0 | R72: ='raw data'!AD72 -> 0 | ... BI72: ='raw data'!BU72 -> 0 | CA72: =$L72-$P72 -> 0 | CB72: =$Q72-$U72 -> 0 | CC72: =$X72-$AB72 -> 0
A73: ='raw data'!D73 -> sto | B73: ='raw data'!F73 -> 8.78 | C73: =MAX('raw data'!G73:P73) -> 8.85 | D73: =MIN('raw data'!H73:Q73) -> 8.755 | E73: =IF($A73="bto",analyze!C73-'raw data'!F73,IF($A73="sto",'raw data'!F73-analyze!D73,0)) -> 0.025 | F73: =IF(B73>0,E73/B73,0) -> 0.0028473804 | G73: =MAX('raw data'!R73:V73) -> 9.3 | H73: =MIN('raw data'!R73:V73) -> 8.775 | I73: =IF(A73="bto",analyze!G73-B73,IF(A73="sto",B73-analyze!H73,0)) -> 0.005 | J73: =IF(B73>0,I73/B73,0) -> 0.00056947608 | K73: ='raw data'!W73 -> 0.167 | L73: ='raw data'!X73 -> 48.7726 | M73: ='raw data'!Y73 -> 56.2445 | N73: ='raw data'!Z73 -> 70.0276 | O73: ='raw data'!AA73 -> 51.2094 | P73: ='raw data'!AB73 -> 40.1921 | Q73: ='raw data'!AC73 -> 0.292 | R73: ='raw data'!AD73 -> 0.383 | ... BI73: ='raw data'!BU73 -> 60.1715 | CA73: =$L73-$P73 -> 8.5805 | CB73: =$Q73-$U73 -> 0.4922 | CC73: =$X73-$AB73 -> 0.7981
A74: ='raw data'!D74 -> Buy to Close | B74: ='raw data'!F74 -> 8.78 | C74: =MAX('raw data'!G74:P74) -> 0.22 | D74: =MIN('raw data'!H74:Q74) -> 0 | E74: =IF($A74="bto",analyze!C74-'raw data'!F74,IF($A74="sto",'raw data'!F74-analyze!D74,0)) -> 0 | F74: =IF(B74>0,E74/B74,0) -> 0 | G74: =MAX('raw data'!R74:V74) -> 0 | H74: =MIN('raw data'!R74:V74) -> 0 | I74: =IF(A74="bto",analyze!G74-B74,IF(A74="sto",B74-analyze!H74,0)) -> 0 | J74: =IF(B74>0,I74/B74,0) -> 0 | K74: ='raw data'!W74 -> 0 | L74: ='raw data'!X74 -> 0 | M74: ='raw data'!Y74 -> 0 | N74: ='raw data'!Z74 -> 0 | O74: ='raw data'!AA74 -> 0 | P74: ='raw data'!AB74 -> 0 | Q74: ='raw data'!AC74 -> 0 | R74: ='raw data'!AD74 -> 0 | ... BI74: ='raw data'!BU74 -> 0 | CA74: =$L74-$P74 -> 0 | CB74: =$Q74-$U74 -> 0 | CC74: =$X74-$AB74 -> 0
A75: ='raw data'!D75 -> sto | B75: ='raw data'!F75 -> 8.7599 | C75: =MAX('raw data'!G75:P75) -> 8.86 | D75: =MIN('raw data'!H75:Q75) -> 8.825 | E75: =IF($A75="bto",analyze!C75-'raw data'!F75,IF($A75="sto",'raw data'!F75-analyze!D75,0)) -> -0.0651 | F75: =IF(B75>0,E75/B75,0) -> -0.0074315917 | G75: =MAX('raw data'!R75:V75) -> 9.325 | H75: =MIN('raw data'!R75:V75) -> 8.8275 | I75: =IF(A75="bto",analyze!G75-B75,IF(A75="sto",B75-analyze!H75,0)) -> -0.0676 | J75: =IF(B75>0,I75/B75,0) -> -0.0077169831 | K75: ='raw data'!W75 -> 0.2028 | L75: ='raw data'!X75 -> 45.0604 | M75: ='raw data'!Y75 -> 47.9384 | N75: ='raw data'!Z75 -> 61.4539 | O75: ='raw data'!AA75 -> 63.0194 | P75: ='raw data'!AB75 -> 34.8563 | Q75: ='raw data'!AC75 -> 0.2558 | R75: ='raw data'!AD75 -> 0.3439 | ... BI75: ='raw data'!BU75 -> 47.2585 | CA75: =$L75-$P75 -> 10.2041 | CB75: =$Q75-$U75 -> 0.4376 | CC75: =$X75-$AB75 -> 1.1273
A76: ='raw data'!D76 -> Buy to Close | B76: ='raw data'!F76 -> 8.85 | C76: =MAX('raw data'!G76:P76) -> 0.13 | D76: =MIN('raw data'!H76:Q76) -> -0.09 | E76: =IF($A76="bto",analyze!C76-'raw data'!F76,IF($A76="sto",'raw data'!F76-analyze!D76,0)) -> 0 | F76: =IF(B76>0,E76/B76,0) -> 0 | G76: =MAX('raw data'!R76:V76) -> 0 | H76: =MIN('raw data'!R76:V76) -> 0 | I76: =IF(A76="bto",analyze!G76-B76,IF(A76="sto",B76-analyze!H76,0)) -> 0 | J76: =IF(B76>0,I76/B76,0) -> 0 | K76: ='raw data'!W76 -> 0 | L76: ='raw data'!X76 -> 0 | M76: ='raw data'!Y76 -> 0 | N76: ='raw data'!Z76 -> 0 | O76: ='raw data'!AA76 -> 0 | P76: ='raw data'!AB76 -> 0 | Q76: ='raw data'!AC76 -> 0 | R76: ='raw data'!AD76 -> 0 | ... BI76: ='raw data'!BU76 -> 0 | CA76: =$L76-$P76 -> 0 | CB76: =$Q76-$U76 -> 0 | CC76: =$X76-$AB76 -> 0
A77: ='raw data'!D77 -> sto | B77: ='raw data'!F77 -> 8.78 | C77: =MAX('raw data'!G77:P77) -> 8.8306 | D77: =MIN('raw data'!H77:Q77) -> 8.7719 | E77: =IF($A77="bto",analyze!C77-'raw data'!F77,IF($A77="sto",'raw data'!F77-analyze!D77,0)) -> 0.0081 | F77: =IF(B77>0,E77/B77,0) -> 0.00092255125 | G77: =MAX('raw data'!R77:V77) -> 9.255 | H77: =MIN('raw data'!R77:V77) -> 8.825 | I77: =IF(A77="bto",analyze!G77-B77,IF(A77="sto",B77-analyze!H77,0)) -> -0.045 | J77: =IF(B77>0,I77/B77,0) -> -0.0051252847 | K77: ='raw data'!W77 -> 0.237 | L77: ='raw data'!X77 -> 36.1047 | M77: ='raw data'!Y77 -> 50.4013 | N77: ='raw data'!Z77 -> 58.2138 | O77: ='raw data'!AA77 -> 58.2323 | P77: ='raw data'!AB77 -> 59.7564 | Q77: ='raw data'!AC77 -> 0.5751 | R77: ='raw data'!AD77 -> 0.639 | ... BI77: ='raw data'!BU77 -> -69.6381 | CA77: =$L77-$P77 -> -23.6517 | CB77: =$Q77-$U77 -> 0.0993 | CC77: =$X77-$AB77 -> -0.8982
A78: ='raw data'!D78 -> Buy to Close | B78: ='raw data'!F78 -> 8.78 | C78: =MAX('raw data'!G78:P78) -> 0.14 | D78: =MIN('raw data'!H78:Q78) -> 0 | E78: =IF($A78="bto",analyze!C78-'raw data'!F78,IF($A78="sto",'raw data'!F78-analyze!D78,0)) -> 0 | F78: =IF(B78>0,E78/B78,0) -> 0 | G78: =MAX('raw data'!R78:V78) -> 0 | H78: =MIN('raw data'!R78:V78) -> 0 | I78: =IF(A78="bto",analyze!G78-B78,IF(A78="sto",B78-analyze!H78,0)) -> 0 | J78: =IF(B78>0,I78/B78,0) -> 0 | K78: ='raw data'!W78 -> 0 | L78: ='raw data'!X78 -> 0 | M78: ='raw data'!Y78 -> 0 | N78: ='raw data'!Z78 -> 0 | O78: ='raw data'!AA78 -> 0 | P78: ='raw data'!AB78 -> 0 | Q78: ='raw data'!AC78 -> 0 | R78: ='raw data'!AD78 -> 0 | ... BI78: ='raw data'!BU78 -> 0 | CA78: =$L78-$P78 -> 0 | CB78: =$Q78-$U78 -> 0 | CC78: =$X78-$AB78 -> 0
A79: ='raw data'!D79 -> bto | B79: ='raw data'!F79 -> 8.9315 | C79: =MAX('raw data'!G79:P79) -> 8.96 | D79: =MIN('raw data'!H79:Q79) -> 8.88 | E79: =IF($A79="bto",analyze!C79-'raw data'!F79,IF($A79="sto",'raw data'!F79-analyze!D79,0)) -> 0.0285 | F79: =IF(B79>0,E79/B79,0) -> 0.0031909534 | G79: =MAX('raw data'!R79:V79) -> 9.1681 | H79: =MIN('raw data'!R79:V79) -> 8.853 | I79: =IF(A79="bto",analyze!G79-B79,IF(A79="sto",B79-analyze!H79,0)) -> 0.2366 | J79: =IF(B79>0,I79/B79,0) -> 0.026490511 | K79: ='raw data'!W79 -> 0.5235 | L79: ='raw data'!X79 -> 81.1226 | M79: ='raw data'!Y79 -> 69.4633 | N79: ='raw data'!Z79 -> 76.4059 | O79: ='raw data'!AA79 -> 59.3508 | P79: ='raw data'!AB79 -> 51.7359 | Q79: ='raw data'!AC79 -> 0.7331 | R79: ='raw data'!AD79 -> 0.6172 | ... BI79: ='raw data'!BU79 -> -89.2765 | CA79: =$L79-$P79 -> 29.3867 | CB79: =$Q79-$U79 -> 0.2026 | CC79: =$X79-$AB79 -> 1.0525 | CD79: =BF79-BH79 -> 65.2076 | CE79: =AZ79-BA79 -> 1.3811
A80: ='raw data'!D80 -> Sell to Close | B80: ='raw data'!F80 -> 8.93 | C80: =MAX('raw data'!G80:P80) -> 0.14 | D80: =MIN('raw data'!H80:Q80) -> 0 | E80: =IF($A80="bto",analyze!C80-'raw data'!F80,IF($A80="sto",'raw data'!F80-analyze!D80,0)) -> 0 | F80: =IF(B80>0,E80/B80,0) -> 0 | G80: =MAX('raw data'!R80:V80) -> 0 | H80: =MIN('raw data'!R80:V80) -> 0 | I80: =IF(A80="bto",analyze!G80-B80,IF(A80="sto",B80-analyze!H80,0)) -> 0 | J80: =IF(B80>0,I80/B80,0) -> 0 | K80: ='raw data'!W80 -> 0 | L80: ='raw data'!X80 -> 0 | M80: ='raw data'!Y80 -> 0 | N80: ='raw data'!Z80 -> 0 | O80: ='raw data'!AA80 -> 0 | P80: ='raw data'!AB80 -> 0 | Q80: ='raw data'!AC80 -> 0 | R80: ='raw data'!AD80 -> 0 | ... BI80: ='raw data'!BU80 -> 0 | CA80: =$L80-$P80 -> 0 | CB80: =$Q80-$U80 -> 0 | CC80: =$X80-$AB80 -> 0
A81: ='raw data'!D81 -> bto | B81: ='raw data'!F81 -> 9.02 | C81: =MAX('raw data'!G81:P81) -> 9.025 | D81: =MIN('raw data'!H81:Q81) -> 8.9 | E81: =IF($A81="bto",analyze!C81-'raw data'!F81,IF($A81="sto",'raw data'!F81-analyze!D81,0)) -> 0.005 | F81: =IF(B81>0,E81/B81,0) -> 0.00055432373 | G81: =MAX('raw data'!R81:V81) -> 9.105 | H81: =MIN('raw data'!R81:V81) -> 8.89 | I81: =IF(A81="bto",analyze!G81-B81,IF(A81="sto",B81-analyze!H81,0)) -> 0.085 | J81: =IF(B81>0,I81/B81,0) -> 0.0094235033 | K81: ='raw data'!W81 -> 0.3709 | L81: ='raw data'!X81 -> 78.611 | M81: ='raw data'!Y81 -> 74.2665 | N81: ='raw data'!Z81 -> 69.9222 | O81: ='raw data'!AA81 -> 66.1077 | P81: ='raw data'!AB81 -> 68.6888 | Q81: ='raw data'!AC81 -> 0.7528 | R81: ='raw data'!AD81 -> 0.6451 | ... BI81: ='raw data'!BU81 -> -50.5179 | CA81: =$L81-$P81 -> 9.9222 | CB81: =$Q81-$U81 -> 0.1316 | CC81: =$X81-$AB81 -> 0.4321 | CD81: =BF81-BH81 -> 24.0645 | CE81: =AZ81-BA81 -> 0.43
A82: ='raw data'!D82 -> Sell to Close | B82: ='raw data'!F82 -> 8.99 | C82: =MAX('raw data'!G82:P82) -> 0.11 | D82: =MIN('raw data'!H82:Q82) -> -0.03 | E82: =IF($A82="bto",analyze!C82-'raw data'!F82,IF($A82="sto",'raw data'!F82-analyze!D82,0)) -> 0 | F82: =IF(B82>0,E82/B82,0) -> 0 | G82: =MAX('raw data'!R82:V82) -> 0 | H82: =MIN('raw data'!R82:V82) -> 0 | I82: =IF(A82="bto",analyze!G82-B82,IF(A82="sto",B82-analyze!H82,0)) -> 0 | J82: =IF(B82>0,I82/B82,0) -> 0 | K82: ='raw data'!W82 -> 0 | L82: ='raw data'!X82 -> 0 | M82: ='raw data'!Y82 -> 0 | N82: ='raw data'!Z82 -> 0 | O82: ='raw data'!AA82 -> 0 | P82: ='raw data'!AB82 -> 0 | Q82: ='raw data'!AC82 -> 0 | R82: ='raw data'!AD82 -> 0 | ... BI82: ='raw data'!BU82 -> 0 | CA82: =$L82-$P82 -> 0 | CB82: =$Q82-$U82 -> 0 | CC82: =$X82-$AB82 -> 0
A83: ='raw data'!D83 -> bto | B83: ='raw data'!F83 -> 8.89 | C83: =MAX('raw data'!G83:P83) -> 8.9141 | D83: =MIN('raw data'!H83:Q83) -> 8.87 | E83: =IF($A83="bto",analyze!C83-'raw data'!F83,IF($A83="sto",'raw data'!F83-analyze!D83,0)) -> 0.0241 | F83: =IF(B83>0,E83/B83,0) -> 0.0027109111 | G83: =MAX('raw data'!R83:V83) -> 9.1681 | H83: =MIN('raw data'!R83:V83) -> 8.9601 | I83: =IF(A83="bto",analyze!G83-B83,IF(A83="sto",B83-analyze!H83,0)) -> 0.2781 | J83: =IF(B83>0,I83/B83,0) -> 0.03128234 | K83: ='raw data'!W83 -> 0.2579 | L83: ='raw data'!X83 -> 64.6445 | M83: ='raw data'!Y83 -> 51.1156 | N83: ='raw data'!Z83 -> 46.5245 | O83: ='raw data'!AA83 -> 36.3905 | P83: ='raw data'!AB83 -> 30.8455 | Q83: ='raw data'!AC83 -> -0.2043 | R83: ='raw data'!AD83 -> -0.2754 | ... BI83: ='raw data'!BU83 -> 74.4616 | CA83: =$L83-$P83 -> 33.799 | CB83: =$Q83-$U83 -> 0.1283 | CC83: =$X83-$AB83 -> 0.978 | CD83: =BF83-BH83 -> -14.8086 | CE83: =AZ83-BA83 -> 0.4183
A84: ='raw data'!D84 -> Sell to Close | B84: ='raw data'!F84 -> 8.93 | C84: =MAX('raw data'!G84:P84) -> 0.15 | D84: =MIN('raw data'!H84:Q84) -> 0 | E84: =IF($A84="bto",analyze!C84-'raw data'!F84,IF($A84="sto",'raw data'!F84-analyze!D84,0)) -> 0 | F84: =IF(B84>0,E84/B84,0) -> 0 | G84: =MAX('raw data'!R84:V84) -> 0 | H84: =MIN('raw data'!R84:V84) -> 0 | I84: =IF(A84="bto",analyze!G84-B84,IF(A84="sto",B84-analyze!H84,0)) -> 0 | J84: =IF(B84>0,I84/B84,0) -> 0 | K84: ='raw data'!W84 -> 0 | L84: ='raw data'!X84 -> 0 | M84: ='raw data'!Y84 -> 0 | N84: ='raw data'!Z84 -> 0 | O84: ='raw data'!AA84 -> 0 | P84: ='raw data'!AB84 -> 0 | Q84: ='raw data'!AC84 -> 0 | R84: ='raw data'!AD84 -> 0 | ... BI84: ='raw data'!BU84 -> 0 | CA84: =$L84-$P84 -> 0 | CB84: =$Q84-$U84 -> 0 | CC84: =$X84-$AB84 -> 0
A85: ='raw data'!D85 -> bto | B85: ='raw data'!F85 -> 8.925 | C85: =MAX('raw data'!G85:P85) -> 8.98 | D85: =MIN('raw data'!H85:Q85) -> 8.91 | E85: =IF($A85="bto",analyze!C85-'raw data'!F85,IF($A85="sto",'raw data'!F85-analyze!D85,0)) -> 0.055 | F85: =IF(B85>0,E85/B85,0) -> 0.006162465 | G85: =MAX('raw data'!R85:V85) -> 9.1481 | H85: =MIN('raw data'!R85:V85) -> 9.01 | I85: =IF(A85="bto",analyze!G85-B85,IF(A85="sto",B85-analyze!H85,0)) -> 0.2231 | J85: =IF(B85>0,I85/B85,0) -> 0.024997199 | K85: ='raw data'!W85 -> 0.3918 | L85: ='raw data'!X85 -> 57.6274 | M85: ='raw data'!Y85 -> 40.9376 | N85: ='raw data'!Z85 -> 46.3465 | O85: ='raw data'!AA85 -> 44.1605 | P85: ='raw data'!AB85 -> 45.8199 | Q85: ='raw data'!AC85 -> 0.4414 | R85: ='raw data'!AD85 -> 0.4015 | ... BI85: ='raw data'!BU85 -> 31.5268 | CA85: =$L85-$P85 -> 11.8075 | CB85: =$Q85-$U85 -> 0.0242 | CC85: =$X85-$AB85 -> 0.2849 | CD85: =BF85-BH85 -> -27.2739 | CE85: =AZ85-BA85 -> 0.365
A86: ='raw data'!D86 -> Sell to Close | B86: ='raw data'!F86 -> 8.92 | C86: =MAX('raw data'!G86:P86) -> 0.14 | D86: =MIN('raw data'!H86:Q86) -> -0.01 | E86: =IF($A86="bto",analyze!C86-'raw data'!F86,IF($A86="sto",'raw data'!F86-analyze!D86,0)) -> 0 | F86: =IF(B86>0,E86/B86,0) -> 0 | G86: =MAX('raw data'!R86:V86) -> 0 | H86: =MIN('raw data'!R86:V86) -> 0 | I86: =IF(A86="bto",analyze!G86-B86,IF(A86="sto",B86-analyze!H86,0)) -> 0 | J86: =IF(B86>0,I86/B86,0) -> 0 | K86: ='raw data'!W86 -> 0 | L86: ='raw data'!X86 -> 0 | M86: ='raw data'!Y86 -> 0 | N86: ='raw data'!Z86 -> 0 | O86: ='raw data'!AA86 -> 0 | P86: ='raw data'!AB86 -> 0 | Q86: ='raw data'!AC86 -> 0 | R86: ='raw data'!AD86 -> 0 | ... BI86: ='raw data'!BU86 -> 0 | CA86: =$L86-$P86 -> 0 | CB86: =$Q86-$U86 -> 0 | CC86: =$X86-$AB86 -> 0
A87: ='raw data'!D87 -> bto | B87: ='raw data'!F87 -> 9.01 | C87: =MAX('raw data'!G87:P87) -> 9.02 | D87: =MIN('raw data'!H87:Q87) -> 8.96 | E87: =IF($A87="bto",analyze!C87-'raw data'!F87,IF($A87="sto",'raw data'!F87-analyze!D87,0)) -> 0.01 | F87: =IF(B87>0,E87/B87,0) -> 0.0011098779 | G87: =MAX('raw data'!R87:V87) -> 9.1781 | H87: =MIN('raw data'!R87:V87) -> 9.05 | I87: =IF(A87="bto",analyze!G87-B87,IF(A87="sto",B87-analyze!H87,0)) -> 0.1681 | J87: =IF(B87>0,I87/B87,0) -> 0.018657048 | K87: ='raw data'!W87 -> 0.57 | L87: ='raw data'!X87 -> 70.1099 | M87: ='raw data'!Y87 -> 66.4427 | N87: ='raw data'!Z87 -> 65.159 | O87: ='raw data'!AA87 -> 56.2664 | P87: ='raw data'!AB87 -> 66.2735 | Q87: ='raw data'!AC87 -> 1.0971 | R87: ='raw data'!AD87 -> 1.0419 | ... BI87: ='raw data'!BU87 -> 35.9791 | CA87: =$L87-$P87 -> 3.8364 | CB87: =$Q87-$U87 -> 0.1892 | CC87: =$X87-$AB87 -> 0.1759 | CD87: =BF87-BH87 -> 50.7868 | CE87: =AZ87-BA87 -> 0.452
A88: ='raw data'!D88 -> Sell to Close | B88: ='raw data'!F88 -> 8.97 | C88: =MAX('raw data'!G88:P88) -> 0.1 | D88: =MIN('raw data'!H88:Q88) -> -0.04 | E88: =IF($A88="bto",analyze!C88-'raw data'!F88,IF($A88="sto",'raw data'!F88-analyze!D88,0)) -> 0 | F88: =IF(B88>0,E88/B88,0) -> 0 | G88: =MAX('raw data'!R88:V88) -> 0 | H88: =MIN('raw data'!R88:V88) -> 0 | I88: =IF(A88="bto",analyze!G88-B88,IF(A88="sto",B88-analyze!H88,0)) -> 0 | J88: =IF(B88>0,I88/B88,0) -> 0 | K88: ='raw data'!W88 -> 0 | L88: ='raw data'!X88 -> 0 | M88: ='raw data'!Y88 -> 0 | N88: ='raw data'!Z88 -> 0 | O88: ='raw data'!AA88 -> 0 | P88: ='raw data'!AB88 -> 0 | Q88: ='raw data'!AC88 -> 0 | R88: ='raw data'!AD88 -> 0 | ... BI88: ='raw data'!BU88 -> 0 | CA88: =$L88-$P88 -> 0 | CB88: =$Q88-$U88 -> 0 | CC88: =$X88-$AB88 -> 0
A89: ='raw data'!D89 -> bto | B89: ='raw data'!F89 -> 9.16 | C89: =MAX('raw data'!G89:P89) -> 9.165 | D89: =MIN('raw data'!H89:Q89) -> 8.918 | E89: =IF($A89="bto",analyze!C89-'raw data'!F89,IF($A89="sto",'raw data'!F89-analyze!D89,0)) -> 0.005 | F89: =IF(B89>0,E89/B89,0) -> 0.00054585153 | G89: =MAX('raw data'!R89:V89) -> 9.215 | H89: =MIN('raw data'!R89:V89) -> 9.1038 | I89: =IF(A89="bto",analyze!G89-B89,IF(A89="sto",B89-analyze!H89,0)) -> 0.055 | J89: =IF(B89>0,I89/B89,0) -> 0.0060043668 | K89: ='raw data'!W89 -> 0.3848 | L89: ='raw data'!X89 -> 69.7954 | M89: ='raw data'!Y89 -> 60.0028 | N89: ='raw data'!Z89 -> 65.6813 | O89: ='raw data'!AA89 -> 69.5836 | P89: ='raw data'!AB89 -> 58.6702 | Q89: ='raw data'!AC89 -> 1.76 | R89: ='raw data'!AD89 -> 1.5135 | ... BI89: ='raw data'!BU89 -> 80.8312 | CA89: =$L89-$P89 -> 11.1252 | CB89: =$Q89-$U89 -> 0.3474 | CC89: =$X89-$AB89 -> 0.6364 | CD89: =BF89-BH89 -> 154.3634 | CE89: =AZ89-BA89 -> 0.8799
A90: ='raw data'!D90 -> Sell to Close | B90: ='raw data'!F90 -> 9.17 | C90: =MAX('raw data'!G90:P90) -> 0.11 | D90: =MIN('raw data'!H90:Q90) -> 0 | E90: =IF($A90="bto",analyze!C90-'raw data'!F90,IF($A90="sto",'raw data'!F90-analyze!D90,0)) -> 0 | F90: =IF(B90>0,E90/B90,0) -> 0 | G90: =MAX('raw data'!R90:V90) -> 0 | H90: =MIN('raw data'!R90:V90) -> 0 | I90: =IF(A90="bto",analyze!G90-B90,IF(A90="sto",B90-analyze!H90,0)) -> 0 | J90: =IF(B90>0,I90/B90,0) -> 0 | K90: ='raw data'!W90 -> 0 | L90: ='raw data'!X90 -> 0 | M90: ='raw data'!Y90 -> 0 | N90: ='raw data'!Z90 -> 0 | O90: ='raw data'!AA90 -> 0 | P90: ='raw data'!AB90 -> 0 | Q90: ='raw data'!AC90 -> 0 | R90: ='raw data'!AD90 -> 0 | ... BI90: ='raw data'!BU90 -> 0 | CA90: =$L90-$P90 -> 0 | CB90: =$Q90-$U90 -> 0 | CC90: =$X90-$AB90 -> 0
A91: ='raw data'!D91 -> sto | B91: ='raw data'!F91 -> 8.91 | C91: =MAX('raw data'!G91:P91) -> 9.175 | D91: =MIN('raw data'!H91:Q91) -> 8.8016 | E91: =IF($A91="bto",analyze!C91-'raw data'!F91,IF($A91="sto",'raw data'!F91-analyze!D91,0)) -> 0.1084 | F91: =IF(B91>0,E91/B91,0) -> 0.012166105 | G91: =MAX('raw data'!R91:V91) -> 9.2219 | H91: =MIN('raw data'!R91:V91) -> 9.15 | I91: =IF(A91="bto",analyze!G91-B91,IF(A91="sto",B91-analyze!H91,0)) -> -0.24 | J91: =IF(B91>0,I91/B91,0) -> -0.026936027 | K91: ='raw data'!W91 -> 0.1949 | L91: ='raw data'!X91 -> 28.995 | M91: ='raw data'!Y91 -> 41.2827 | N91: ='raw data'!Z91 -> 64.936 | O91: ='raw data'!AA91 -> 69.7954 | P91: ='raw data'!AB91 -> 55.8543 | Q91: ='raw data'!AC91 -> 1.0552 | R91: ='raw data'!AD91 -> 1.4022 | ... BI91: ='raw data'!BU91 -> 103.5494 | CA91: =$L91-$P91 -> -26.8593 | CB91: =$Q91-$U91 -> -0.3458 | CC91: =$X91-$AB91 -> -1.0064
A92: ='raw data'!D92 -> Buy to Close | B92: ='raw data'!F92 -> 8.81 | C92: =MAX('raw data'!G92:P92) -> 0.21 | D92: =MIN('raw data'!H92:Q92) -> 0 | E92: =IF($A92="bto",analyze!C92-'raw data'!F92,IF($A92="sto",'raw data'!F92-analyze!D92,0)) -> 0 | F92: =IF(B92>0,E92/B92,0) -> 0 | G92: =MAX('raw data'!R92:V92) -> 0 | H92: =MIN('raw data'!R92:V92) -> 0 | I92: =IF(A92="bto",analyze!G92-B92,IF(A92="sto",B92-analyze!H92,0)) -> 0 | J92: =IF(B92>0,I92/B92,0) -> 0 | K92: ='raw data'!W92 -> 0 | L92: ='raw data'!X92 -> 0 | M92: ='raw data'!Y92 -> 0 | N92: ='raw data'!Z92 -> 0 | O92: ='raw data'!AA92 -> 0 | P92: ='raw data'!AB92 -> 0 | Q92: ='raw data'!AC92 -> 0 | R92: ='raw data'!AD92 -> 0 | ... BI92: ='raw data'!BU92 -> 0 | CA92: =$L92-$P92 -> 0 | CB92: =$Q92-$U92 -> 0 | CC92: =$X92-$AB92 -> 0
A93: ='raw data'!D93 -> bto | B93: ='raw data'!F93 -> 9.21 | C93: =MAX('raw data'!G93:P93) -> 9.3 | D93: =MIN('raw data'!H93:Q93) -> 9.1645 | E93: =IF($A93="bto",analyze!C93-'raw data'!F93,IF($A93="sto",'raw data'!F93-analyze!D93,0)) -> 0.09 | F93: =IF(B93>0,E93/B93,0) -> 0.009771987 | G93: =MAX('raw data'!R93:V93) -> 9.2381 | H93: =MIN('raw data'!R93:V93) -> 9.095 | I93: =IF(A93="bto",analyze!G93-B93,IF(A93="sto",B93-analyze!H93,0)) -> 0.0281 | J93: =IF(B93>0,I93/B93,0) -> 0.0030510315 | K93: ='raw data'!W93 -> 0.9661 | L93: ='raw data'!X93 -> 66.8732 | M93: ='raw data'!Y93 -> 52.3233 | N93: ='raw data'!Z93 -> 65.9558 | O93: ='raw data'!AA93 -> 67.6978 | P93: ='raw data'!AB93 -> 61.3668 | Q93: ='raw data'!AC93 -> 4.1751 | R93: ='raw data'!AD93 -> 3.5484 | ... BI93: ='raw data'!BU93 -> -35.5055 | CA93: =$L93-$P93 -> 5.5064 | CB93: =$Q93-$U93 -> 0.5593 | CC93: =$X93-$AB93 -> 0.8855 | CD93: =BF93-BH93 -> 37.6417 | CE93: =AZ93-BA93 -> -0.35
A94: ='raw data'!D94 -> Sell to Close | B94: ='raw data'!F94 -> 9.22 | C94: =MAX('raw data'!G94:P94) -> 0.22 | D94: =MIN('raw data'!H94:Q94) -> 0 | E94: =IF($A94="bto",analyze!C94-'raw data'!F94,IF($A94="sto",'raw data'!F94-analyze!D94,0)) -> 0 | F94: =IF(B94>0,E94/B94,0) -> 0 | G94: =MAX('raw data'!R94:V94) -> 0 | H94: =MIN('raw data'!R94:V94) -> 0 | I94: =IF(A94="bto",analyze!G94-B94,IF(A94="sto",B94-analyze!H94,0)) -> 0 | J94: =IF(B94>0,I94/B94,0) -> 0 | K94: ='raw data'!W94 -> 0 | L94: ='raw data'!X94 -> 0 | M94: ='raw data'!Y94 -> 0 | N94: ='raw data'!Z94 -> 0 | O94: ='raw data'!AA94 -> 0 | P94: ='raw data'!AB94 -> 0 | Q94: ='raw data'!AC94 -> 0 | R94: ='raw data'!AD94 -> 0 | ... BI94: ='raw data'!BU94 -> 0 | CA94: =$L94-$P94 -> 0 | CB94: =$Q94-$U94 -> 0 | CC94: =$X94-$AB94 -> 0
A95: ='raw data'!D95 -> bto | B95: ='raw data'!F95 -> 9.27 | C95: =MAX('raw data'!G95:P95) -> 9.325 | D95: =MIN('raw data'!H95:Q95) -> 9.1881 | E95: =IF($A95="bto",analyze!C95-'raw data'!F95,IF($A95="sto",'raw data'!F95-analyze!D95,0)) -> 0.055 | F95: =IF(B95>0,E95/B95,0) -> 0.0059331176 | G95: =MAX('raw data'!R95:V95) -> 9.27 | H95: =MIN('raw data'!R95:V95) -> 9.1001 | I95: =IF(A95="bto",analyze!G95-B95,IF(A95="sto",B95-analyze!H95,0)) -> 0 | J95: =IF(B95>0,I95/B95,0) -> 0 | K95: ='raw data'!W95 -> 0.7261 | L95: ='raw data'!X95 -> 67.5557 | M95: ='raw data'!Y95 -> 61.322 | N95: ='raw data'!Z95 -> 59.7962 | O95: ='raw data'!AA95 -> 54.1716 | P95: ='raw data'!AB95 -> 50.5713 | Q95: ='raw data'!AC95 -> 4.1064 | R95: ='raw data'!AD95 -> 4.06 | ... BI95: ='raw data'!BU95 -> -34.3958 | CA95: =$L95-$P95 -> 16.9844 | CB95: =$Q95-$U95 -> 0.4573 | CC95: =$X95-$AB95 -> 1.1646 | CD95: =BF95-BH95 -> 18.5065 | CE95: =AZ95-BA95 -> -0.08
A96: ='raw data'!D96 -> Sell to Close | B96: ='raw data'!F96 -> 9.33 | C96: =MAX('raw data'!G96:P96) -> 0.27 | D96: =MIN('raw data'!H96:Q96) -> 0 | E96: =IF($A96="bto",analyze!C96-'raw data'!F96,IF($A96="sto",'raw data'!F96-analyze!D96,0)) -> 0 | F96: =IF(B96>0,E96/B96,0) -> 0 | G96: =MAX('raw data'!R96:V96) -> 0 | H96: =MIN('raw data'!R96:V96) -> 0 | I96: =IF(A96="bto",analyze!G96-B96,IF(A96="sto",B96-analyze!H96,0)) -> 0 | J96: =IF(B96>0,I96/B96,0) -> 0 | K96: ='raw data'!W96 -> 0 | L96: ='raw data'!X96 -> 0 | M96: ='raw data'!Y96 -> 0 | N96: ='raw data'!Z96 -> 0 | O96: ='raw data'!AA96 -> 0 | P96: ='raw data'!AB96 -> 0 | Q96: ='raw data'!AC96 -> 0 | R96: ='raw data'!AD96 -> 0 | ... BI96: ='raw data'!BU96 -> 0 | CA96: =$L96-$P96 -> 0 | CB96: =$Q96-$U96 -> 0 | CC96: =$X96-$AB96 -> 0
A97: ='raw data'!D97 -> bto | B97: ='raw data'!F97 -> 9.71 | C97: =MAX('raw data'!G97:P97) -> 9.6959 | D97: =MIN('raw data'!H97:Q97) -> 9.59 | E97: =IF($A97="bto",analyze!C97-'raw data'!F97,IF($A97="sto",'raw data'!F97-analyze!D97,0)) -> -0.0141 | F97: =IF(B97>0,E97/B97,0) -> -0.0014521112 | G97: =MAX('raw data'!R97:V97) -> 9.79 | H97: =MIN('raw data'!R97:V97) -> 9.4349 | I97: =IF(A97="bto",analyze!G97-B97,IF(A97="sto",B97-analyze!H97,0)) -> 0.08 | J97: =IF(B97>0,I97/B97,0) -> 0.0082389289 | K97: ='raw data'!W97 -> 0.1618 | L97: ='raw data'!X97 -> 84.0042 | M97: ='raw data'!Y97 -> 83.0207 | N97: ='raw data'!Z97 -> 91.9357 | O97: ='raw data'!AA97 -> 95.7753 | P97: ='raw data'!AB97 -> 95.2561 | Q97: ='raw data'!AC97 -> -0.101 | R97: ='raw data'!AD97 -> -0.1975 | ... BI97: ='raw data'!BU97 -> 27.1035 | CA97: =$L97-$P97 -> -11.2519 | CB97: =$Q97-$U97 -> 0.2988 | CC97: =$X97-$AB97 -> 0.1107 | CD97: =BF97-BH97 -> 61.0921 | CE97: =AZ97-BA97 -> 0.1298
A98: ='raw data'!D98 -> Sell to Close | B98: ='raw data'!F98 -> 9.67 | C98: =MAX('raw data'!G98:P98) -> 0.23 | D98: =MIN('raw data'!H98:Q98) -> -0.04 | E98: =IF($A98="bto",analyze!C98-'raw data'!F98,IF($A98="sto",'raw data'!F98-analyze!D98,0)) -> 0 | F98: =IF(B98>0,E98/B98,0) -> 0 | G98: =MAX('raw data'!R98:V98) -> 0 | H98: =MIN('raw data'!R98:V98) -> 0 | I98: =IF(A98="bto",analyze!G98-B98,IF(A98="sto",B98-analyze!H98,0)) -> 0 | J98: =IF(B98>0,I98/B98,0) -> 0 | K98: ='raw data'!W98 -> 0 | L98: ='raw data'!X98 -> 0 | M98: ='raw data'!Y98 -> 0 | N98: ='raw data'!Z98 -> 0 | O98: ='raw data'!AA98 -> 0 | P98: ='raw data'!AB98 -> 0 | Q98: ='raw data'!AC98 -> 0 | R98: ='raw data'!AD98 -> 0 | ... BI98: ='raw data'!BU98 -> 0 | CA98: =$L98-$P98 -> 0 | CB98: =$Q98-$U98 -> 0 | CC98: =$X98-$AB98 -> 0
A99: ='raw data'!D99 -> sto | B99: ='raw data'!F99 -> 9.6683 | C99: =MAX('raw data'!G99:P99) -> 9.72 | D99: =MIN('raw data'!H99:Q99) -> 9.59 | E99: =IF($A99="bto",analyze!C99-'raw data'!F99,IF($A99="sto",'raw data'!F99-analyze!D99,0)) -> 0.0783 | F99: =IF(B99>0,E99/B99,0) -> 0.0080986316 | G99: =MAX('raw data'!R99:V99) -> 9.8219 | H99: =MIN('raw data'!R99:V99) -> 9.425 | I99: =IF(A99="bto",analyze!G99-B99,IF(A99="sto",B99-analyze!H99,0)) -> 0.2433 | J99: =IF(B99>0,I99/B99,0) -> 0.025164714 | K99: ='raw data'!W99 -> 0.1895 | L99: ='raw data'!X99 -> 70.6494 | M99: ='raw data'!Y99 -> 75.1497 | N99: ='raw data'!Z99 -> 79.7781 | O99: ='raw data'!AA99 -> 95.2561 | P99: ='raw data'!AB99 -> 49.9875 | Q99: ='raw data'!AC99 -> -0.2876 | R99: ='raw data'!AD99 -> -0.257 | ... BI99: ='raw data'!BU99 -> 73.0557 | CA99: =$L99-$P99 -> 20.6619 | CB99: =$Q99-$U99 -> -3.7654 | CC99: =$X99-$AB99 -> -1.5429
A100: ='raw data'!D100 -> Buy to Close | B100: ='raw data'!F100 -> 9.73 | C100: =MAX('raw data'!G100:P100) -> 0.18 | D100: =MIN('raw data'!H100:Q100) -> -0.06 | E100: =IF($A100="bto",analyze!C100-'raw data'!F100,IF($A100="sto",'raw data'!F100-analyze!D100,0)) -> 0 | F100: =IF(B100>0,E100/B100,0) -> 0 | G100: =MAX('raw data'!R100:V100) -> 0 | H100: =MIN('raw data'!R100:V100) -> 0 | I100: =IF(A100="bto",analyze!G100-B100,IF(A100="sto",B100-analyze!H100,0)) -> 0 | J100: =IF(B100>0,I100/B100,0) -> 0 | K100: ='raw data'!W100 -> 0 | L100: ='raw data'!X100 -> 0 | M100: ='raw data'!Y100 -> 0 | N100: ='raw data'!Z100 -> 0 | O100: ='raw data'!AA100 -> 0 | P100: ='raw data'!AB100 -> 0 | Q100: ='raw data'!AC100 -> 0 | R100: ='raw data'!AD100 -> 0 | ... BI100: ='raw data'!BU100 -> 0 | CA100: =$L100-$P100 -> 0 | CB100: =$Q100-$U100 -> 0 | CC100: =$X100-$AB100 -> 0
A101: ='raw data'!D101 -> bto | B101: ='raw data'!F101 -> 9.68 | C101: =MAX('raw data'!G101:P101) -> 9.665 | D101: =MIN('raw data'!H101:Q101) -> 9.47 | E101: =IF($A101="bto",analyze!C101-'raw data'!F101,IF($A101="sto",'raw data'!F101-analyze!D101,0)) -> -0.015 | F101: =IF(B101>0,E101/B101,0) -> -0.0015495868 | G101: =MAX('raw data'!R101:V101) -> 9.935 | H101: =MIN('raw data'!R101:V101) -> 9.4373 | I101: =IF(A101="bto",analyze!G101-B101,IF(A101="sto",B101-analyze!H101,0)) -> 0.255 | J101: =IF(B101>0,I101/B101,0) -> 0.026342975 | K101: ='raw data'!W101 -> 0.154 | L101: ='raw data'!X101 -> 56.0739 | M101: ='raw data'!Y101 -> 50.4016 | N101: ='raw data'!Z101 -> 53.4704 | O101: ='raw data'!AA101 -> 64.2749 | P101: ='raw data'!AB101 -> 57.4466 | Q101: ='raw data'!AC101 -> -0.5368 | R101: ='raw data'!AD101 -> -0.5788 | ... BI101: ='raw data'!BU101 -> -3.7872 | CA101: =$L101-$P101 -> -1.3727 | CB101: =$Q101-$U101 -> -0.1334 | CC101: =$X101-$AB101 -> 0.0533 | CD101: =BF101-BH101 -> 22.505 | CE101: =AZ101-BA101 -> 0.1501
A102: ='raw data'!D102 -> Sell to Close | B102: ='raw data'!F102 -> 9.61 | C102: =MAX('raw data'!G102:P102) -> 0.11 | D102: =MIN('raw data'!H102:Q102) -> -0.07 | E102: =IF($A102="bto",analyze!C102-'raw data'!F102,IF($A102="sto",'raw data'!F102-analyze!D102,0)) -> 0 | F102: =IF(B102>0,E102/B102,0) -> 0 | G102: =MAX('raw data'!R102:V102) -> 0 | H102: =MIN('raw data'!R102:V102) -> 0 | I102: =IF(A102="bto",analyze!G102-B102,IF(A102="sto",B102-analyze!H102,0)) -> 0 | J102: =IF(B102>0,I102/B102,0) -> 0 | K102: ='raw data'!W102 -> 0 | L102: ='raw data'!X102 -> 0 | M102: ='raw data'!Y102 -> 0 | N102: ='raw data'!Z102 -> 0 | O102: ='raw data'!AA102 -> 0 | P102: ='raw data'!AB102 -> 0 | Q102: ='raw data'!AC102 -> 0 | R102: ='raw data'!AD102 -> 0 | ... BI102: ='raw data'!BU102 -> 0 | CA102: =$L102-$P102 -> 0 | CB102: =$Q102-$U102 -> 0 | CC102: =$X102-$AB102 -> 0
A103: ='raw data'!D103 -> sto | B103: ='raw data'!F103 -> 9.4902 | C103: =MAX('raw data'!G103:P103) -> 9.4985 | D103: =MIN('raw data'!H103:Q103) -> 9.4319 | E103: =IF($A103="bto",analyze!C103-'raw data'!F103,IF($A103="sto",'raw data'!F103-analyze!D103,0)) -> 0.0583 | F103: =IF(B103>0,E103/B103,0) -> 0.0061431793 | G103: =MAX('raw data'!R103:V103) -> 9.845 | H103: =MIN('raw data'!R103:V103) -> 9.395 | I103: =IF(A103="bto",analyze!G103-B103,IF(A103="sto",B103-analyze!H103,0)) -> 0.0952 | J103: =IF(B103>0,I103/B103,0) -> 0.010031401 | K103: ='raw data'!W103 -> 0.6552 | L103: ='raw data'!X103 -> 26.528 | M103: ='raw data'!Y103 -> 33.643 | N103: ='raw data'!Z103 -> 47.0718 | O103: ='raw data'!AA103 -> 52.6847 | P103: ='raw data'!AB103 -> 57.4466 | Q103: ='raw data'!AC103 -> -0.6349 | R103: ='raw data'!AD103 -> -0.53 | ... BI103: ='raw data'!BU103 -> 43.3374 | CA103: =$L103-$P103 -> -30.9186 | CB103: =$Q103-$U103 -> -0.2315 | CC103: =$X103-$AB103 -> -1.6625
A104: ='raw data'!D104 -> Buy to Close | B104: ='raw data'!F104 -> 9.47 | C104: =MAX('raw data'!G104:P104) -> 0.12 | D104: =MIN('raw data'!H104:Q104) -> 0 | E104: =IF($A104="bto",analyze!C104-'raw data'!F104,IF($A104="sto",'raw data'!F104-analyze!D104,0)) -> 0 | F104: =IF(B104>0,E104/B104,0) -> 0 | G104: =MAX('raw data'!R104:V104) -> 0 | H104: =MIN('raw data'!R104:V104) -> 0 | I104: =IF(A104="bto",analyze!G104-B104,IF(A104="sto",B104-analyze!H104,0)) -> 0 | J104: =IF(B104>0,I104/B104,0) -> 0 | K104: ='raw data'!W104 -> 0 | L104: ='raw data'!X104 -> 0 | M104: ='raw data'!Y104 -> 0 | N104: ='raw data'!Z104 -> 0 | O104: ='raw data'!AA104 -> 0 | P104: ='raw data'!AB104 -> 0 | Q104: ='raw data'!AC104 -> 0 | R104: ='raw data'!AD104 -> 0 | ... BI104: ='raw data'!BU104 -> 0 | CA104: =$L104-$P104 -> 0 | CB104: =$Q104-$U104 -> 0 | CC104: =$X104-$AB104 -> 0
A105: ='raw data'!D105 -> bto | B105: ='raw data'!F105 -> 9.66 | C105: =MAX('raw data'!G105:P105) -> 9.665 | D105: =MIN('raw data'!H105:Q105) -> 9.5281 | E105: =IF($A105="bto",analyze!C105-'raw data'!F105,IF($A105="sto",'raw data'!F105-analyze!D105,0)) -> 0.005 | F105: =IF(B105>0,E105/B105,0) -> 0.00051759834 | G105: =MAX('raw data'!R105:V105) -> 9.87 | H105: =MIN('raw data'!R105:V105) -> 9.598 | I105: =IF(A105="bto",analyze!G105-B105,IF(A105="sto",B105-analyze!H105,0)) -> 0.21 | J105: =IF(B105>0,I105/B105,0) -> 0.02173913 | K105: ='raw data'!W105 -> 0.3003 | L105: ='raw data'!X105 -> 76.241 | M105: ='raw data'!Y105 -> 73.2696 | N105: ='raw data'!Z105 -> 71.9606 | O105: ='raw data'!AA105 -> 69.5452 | P105: ='raw data'!AB105 -> 66.1048 | Q105: ='raw data'!AC105 -> 0.1374 | R105: ='raw data'!AD105 -> -0.0063 | ... BI105: ='raw data'!BU105 -> 149.3325 | CA105: =$L105-$P105 -> 10.1362 | CB105: =$Q105-$U105 -> 0.2813 | CC105: =$X105-$AB105 -> 0.872 | CD105: =BF105-BH105 -> 14.9658 | CE105: =AZ105-BA105 -> 0.225
A106: ='raw data'!D106 -> Sell to Close | B106: ='raw data'!F106 -> 9.62 | C106: =MAX('raw data'!G106:P106) -> 0.08 | D106: =MIN('raw data'!H106:Q106) -> -0.04 | E106: =IF($A106="bto",analyze!C106-'raw data'!F106,IF($A106="sto",'raw data'!F106-analyze!D106,0)) -> 0 | F106: =IF(B106>0,E106/B106,0) -> 0 | G106: =MAX('raw data'!R106:V106) -> 0 | H106: =MIN('raw data'!R106:V106) -> 0 | I106: =IF(A106="bto",analyze!G106-B106,IF(A106="sto",B106-analyze!H106,0)) -> 0 | J106: =IF(B106>0,I106/B106,0) -> 0 | K106: ='raw data'!W106 -> 0 | L106: ='raw data'!X106 -> 0 | M106: ='raw data'!Y106 -> 0 | N106: ='raw data'!Z106 -> 0 | O106: ='raw data'!AA106 -> 0 | P106: ='raw data'!AB106 -> 0 | Q106: ='raw data'!AC106 -> 0 | R106: ='raw data'!AD106 -> 0 | ... BI106: ='raw data'!BU106 -> 0 | CA106: =$L106-$P106 -> 0 | CB106: =$Q106-$U106 -> 0 | CC106: =$X106-$AB106 -> 0
A107: ='raw data'!D107 -> bto | B107: ='raw data'!F107 -> 9.67 | C107: =MAX('raw data'!G107:P107) -> 9.735 | D107: =MIN('raw data'!H107:Q107) -> 9.63 | E107: =IF($A107="bto",analyze!C107-'raw data'!F107,IF($A107="sto",'raw data'!F107-analyze!D107,0)) -> 0.065 | F107: =IF(B107>0,E107/B107,0) -> 0.0067218201 | G107: =MAX('raw data'!R107:V107) -> 9.8046 | H107: =MIN('raw data'!R107:V107) -> 9.7419 | I107: =IF(A107="bto",analyze!G107-B107,IF(A107="sto",B107-analyze!H107,0)) -> 0.1346 | J107: =IF(B107>0,I107/B107,0) -> 0.013919338 | K107: ='raw data'!W107 -> 0.4947 | L107: ='raw data'!X107 -> 68.3763 | M107: ='raw data'!Y107 -> 59.3347 | N107: ='raw data'!Z107 -> 50.4966 | O107: ='raw data'!AA107 -> 57.7188 | P107: ='raw data'!AB107 -> 64.424 | Q107: ='raw data'!AC107 -> 0.0162 | R107: ='raw data'!AD107 -> -0.0912 | ... BI107: ='raw data'!BU107 -> 208.5422 | CA107: =$L107-$P107 -> 3.9523 | CB107: =$Q107-$U107 -> -0.0323 | CC107: =$X107-$AB107 -> 0.3724 | CD107: =BF107-BH107 -> 14.5224 | CE107: =AZ107-BA107 -> -0.07
A108: ='raw data'!D108 -> Sell to Close | B108: ='raw data'!F108 -> 9.74 | C108: =MAX('raw data'!G108:P108) -> 0.15 | D108: =MIN('raw data'!H108:Q108) -> 0 | E108: =IF($A108="bto",analyze!C108-'raw data'!F108,IF($A108="sto",'raw data'!F108-analyze!D108,0)) -> 0 | F108: =IF(B108>0,E108/B108,0) -> 0 | G108: =MAX('raw data'!R108:V108) -> 0 | H108: =MIN('raw data'!R108:V108) -> 0 | I108: =IF(A108="bto",analyze!G108-B108,IF(A108="sto",B108-analyze!H108,0)) -> 0 | J108: =IF(B108>0,I108/B108,0) -> 0 | K108: ='raw data'!W108 -> 0 | L108: ='raw data'!X108 -> 0 | M108: ='raw data'!Y108 -> 0 | N108: ='raw data'!Z108 -> 0 | O108: ='raw data'!AA108 -> 0 | P108: ='raw data'!AB108 -> 0 | Q108: ='raw data'!AC108 -> 0 | R108: ='raw data'!AD108 -> 0 | ... BI108: ='raw data'!BU108 -> 0 | CA108: =$L108-$P108 -> 0 | CB108: =$Q108-$U108 -> 0 | CC108: =$X108-$AB108 -> 0
A109: ='raw data'!D109 -> bto | B109: ='raw data'!F109 -> 9.76 | C109: =MAX('raw data'!G109:P109) -> 9.8499 | D109: =MIN('raw data'!H109:Q109) -> 9.745 | E109: =IF($A109="bto",analyze!C109-'raw data'!F109,IF($A109="sto",'raw data'!F109-analyze!D109,0)) -> 0.0899 | F109: =IF(B109>0,E109/B109,0) -> 0.0092110656 | G109: =MAX('raw data'!R109:V109) -> 9.837 | H109: =MIN('raw data'!R109:V109) -> 9.705 | I109: =IF(A109="bto",analyze!G109-B109,IF(A109="sto",B109-analyze!H109,0)) -> 0.077 | J109: =IF(B109>0,I109/B109,0) -> 0.0078893443 | K109: ='raw data'!W109 -> 0.178 | L109: ='raw data'!X109 -> 73.3952 | M109: ='raw data'!Y109 -> 69.4643 | N109: ='raw data'!Z109 -> 64.8475 | O109: ='raw data'!AA109 -> 62.8505 | P109: ='raw data'!AB109 -> 74.0721 | Q109: ='raw data'!AC109 -> 0.61 | R109: ='raw data'!AD109 -> 0.4564 | ... BI109: ='raw data'!BU109 -> 225.1412 | CA109: =$L109-$P109 -> -0.6769 | CB109: =$Q109-$U109 -> 0.1691 | CC109: =$X109-$AB109 -> 0.223 | CD109: =BF109-BH109 -> 18.657 | CE109: =AZ109-BA109 -> 0.297
A110: ='raw data'!D110 -> Sell to Close | B110: ='raw data'!F110 -> 9.77 | C110: =MAX('raw data'!G110:P110) -> 0.16 | D110: =MIN('raw data'!H110:Q110) -> 0 | E110: =IF($A110="bto",analyze!C110-'raw data'!F110,IF($A110="sto",'raw data'!F110-analyze!D110,0)) -> 0 | F110: =IF(B110>0,E110/B110,0) -> 0 | G110: =MAX('raw data'!R110:V110) -> 0 | H110: =MIN('raw data'!R110:V110) -> 0 | I110: =IF(A110="bto",analyze!G110-B110,IF(A110="sto",B110-analyze!H110,0)) -> 0 | J110: =IF(B110>0,I110/B110,0) -> 0 | K110: ='raw data'!W110 -> 0 | L110: ='raw data'!X110 -> 0 | M110: ='raw data'!Y110 -> 0 | N110: ='raw data'!Z110 -> 0 | O110: ='raw data'!AA110 -> 0 | P110: ='raw data'!AB110 -> 0 | Q110: ='raw data'!AC110 -> 0 | R110: ='raw data'!AD110 -> 0 | ... BI110: ='raw data'!BU110 -> 0 | CA110: =$L110-$P110 -> 0 | CB110: =$Q110-$U110 -> 0 | CC110: =$X110-$AB110 -> 0
A111: ='raw data'!D111 -> bto | B111: ='raw data'!F111 -> 9.795 | C111: =MAX('raw data'!G111:P111) -> 9.8499 | D111: =MIN('raw data'!H111:Q111) -> 9.73 | E111: =IF($A111="bto",analyze!C111-'raw data'!F111,IF($A111="sto",'raw data'!F111-analyze!D111,0)) -> 0.0549 | F111: =IF(B111>0,E111/B111,0) -> 0.0056049005 | G111: =MAX('raw data'!R111:V111) -> 9.8419 | H111: =MIN('raw data'!R111:V111) -> 9.6948 | I111: =IF(A111="bto",analyze!G111-B111,IF(A111="sto",B111-analyze!H111,0)) -> 0.0469 | J111: =IF(B111>0,I111/B111,0) -> 0.0047881572 | K111: ='raw data'!W111 -> 0.1946 | L111: ='raw data'!X111 -> 72.9182 | M111: ='raw data'!Y111 -> 65.8663 | N111: ='raw data'!Z111 -> 65.0299 | O111: ='raw data'!AA111 -> 69.0056 | P111: ='raw data'!AB111 -> 71.3217 | Q111: ='raw data'!AC111 -> 0.6338 | R111: ='raw data'!AD111 -> 0.5623 | ... BI111: ='raw data'!BU111 -> 235.6348 | CA111: =$L111-$P111 -> 1.5965 | CB111: =$Q111-$U111 -> -0.0259 | CC111: =$X111-$AB111 -> 0.2251 | CD111: =BF111-BH111 -> 16.9751 | CE111: =AZ111-BA111 -> -0.18
...

Sheet cs sto
A1: =analyze!A1 -> sto/bto | B1: =analyze!B1 -> price | C1: =analyze!C1 -> short-term max | D1: =analyze!D1 -> short-term min | E1: =analyze!E1 -> short-term success | F1: =analyze!F1 -> STS % | G1: =analyze!G1 -> long-term max | H1: =analyze!H1 -> short-term min | ... AT1: =analyze!AT1 -> adc[5] | AU1: =analyze!CA1 -> drsi | AV1: =analyze!CB1 -> ddvi | AW1: =analyze!CC1 -> drs
A2: =analyze!A2 -> 0 | B2: =analyze!B2 -> 0 | C2: =analyze!C2 -> 0 | D2: =analyze!D2 -> 0 | E2: =analyze!E2 -> 0 | F2: =analyze!F2 -> 0 | G2: =analyze!G2 -> 0 | H2: =analyze!H2 -> 0 | ... AT2: =analyze!AT2 -> 0 | AU2: =analyze!CA2 -> 0 | AV2: =analyze!CB2 -> 0 | AW2: =analyze!CC2 -> 0
A3: =analyze!A3 -> 0 | B3: =analyze!B3 -> 0 | C3: =analyze!C3 -> 0 | D3: =analyze!D3 -> 0 | E3: =analyze!E3 -> 0 | F3: =analyze!F3 -> 0 | G3: =analyze!G3 -> 0 | H3: =analyze!H3 -> 0 | ... AT3: =analyze!AT3 -> 0 | AU3: =analyze!CA3 -> 0 | AV3: =analyze!CB3 -> 0 | AW3: =analyze!CC3 -> 0
A4: =analyze!A4 -> 0 | B4: =analyze!B4 -> 0 | C4: =analyze!C4 -> 0 | D4: =analyze!D4 -> 0 | E4: =analyze!E4 -> 0 | F4: =analyze!F4 -> 0 | G4: =analyze!G4 -> 0 | H4: =analyze!H4 -> 0 | ... AT4: =analyze!AT4 -> 0 | AU4: =analyze!CA4 -> 0 | AV4: =analyze!CB4 -> 0 | AW4: =analyze!CC4 -> 0
A5: =analyze!A5 -> 0 | B5: =analyze!B5 -> 0 | C5: =analyze!C5 -> 0 | D5: =analyze!D5 -> 0 | E5: =analyze!E5 -> 0 | F5: =analyze!F5 -> 0 | G5: =analyze!G5 -> 0 | H5: =analyze!H5 -> 0 | ... AT5: =analyze!AT5 -> 0 | AU5: =analyze!CA5 -> 0 | AV5: =analyze!CB5 -> 0 | AW5: =analyze!CC5 -> 0
A6: =analyze!A6 -> 0 | B6: =analyze!B6 -> 0 | C6: =analyze!C6 -> 0 | D6: =analyze!D6 -> 0 | E6: =analyze!E6 -> 0 | F6: =analyze!F6 -> 0 | G6: =analyze!G6 -> 0 | H6: =analyze!H6 -> 0 | ... AT6: =analyze!AT6 -> 0 | AU6: =analyze!CA6 -> 0 | AV6: =analyze!CB6 -> 0 | AW6: =analyze!CC6 -> 0
A7: =analyze!A7 -> bto | B7: =analyze!B7 -> 9.82 | C7: =analyze!C7 -> 9.8 | D7: =analyze!D7 -> 9.725 | E7: =analyze!E7 -> -0.02 | F7: =analyze!F7 -> -0.0020366599 | G7: =analyze!G7 -> 10.085 | H7: =analyze!H7 -> 9.7381 | ... AT7: =analyze!AT7 -> 46.6396 | AU7: =analyze!CA7 -> 8.7925 | AV7: =analyze!CB7 -> -0.0478 | AW7: =analyze!CC7 -> 0.4543
A8: =analyze!A8 -> Sell to Close | B8: =analyze!B8 -> 9.73 | C8: =analyze!C8 -> 38676.417 | D8: =analyze!D8 -> -0.1 | E8: =analyze!E8 -> 0 | F8: =analyze!F8 -> 0 | G8: =analyze!G8 -> 0 | H8: =analyze!H8 -> 0 | ... AT8: =analyze!AT8 -> 0 | AU8: =analyze!CA8 -> 0 | AV8: =analyze!CB8 -> 0 | AW8: =analyze!CC8 -> 0
A9: =analyze!A9 -> bto | B9: =analyze!B9 -> 9.821 | C9: =analyze!C9 -> 9.835 | D9: =analyze!D9 -> 9.81 | E9: =analyze!E9 -> 0.014 | F9: =analyze!F9 -> 0.0014255167 | G9: =analyze!G9 -> 10.1419 | H9: =analyze!H9 -> 9.771 | ... AT9: =analyze!AT9 -> 12.8436 | AU9: =analyze!CA9 -> 14.8515 | AV9: =analyze!CB9 -> 0.1996 | AW9: =analyze!CC9 -> 0.5107
A10: =analyze!A10 -> Sell to Close | B10: =analyze!B10 -> 9.82 | C10: =analyze!C10 -> 38676.465 | D10: =analyze!D10 -> -0.1 | E10: =analyze!E10 -> 0 | F10: =analyze!F10 -> 0 | G10: =analyze!G10 -> 0 | H10: =analyze!H10 -> 0 | ... AT10: =analyze!AT10 -> 0 | AU10: =analyze!CA10 -> 0 | AV10: =analyze!CB10 -> 0 | AW10: =analyze!CC10 -> 0
A11: =analyze!A11 -> bto | B11: =analyze!B11 -> 9.85 | C11: =analyze!C11 -> 9.9199 | D11: =analyze!D11 -> 9.85 | E11: =analyze!E11 -> 0.0699 | F11: =analyze!F11 -> 0.0070964467 | G11: =analyze!G11 -> 10.16 | H11: =analyze!H11 -> 9.9481 | ... AT11: =analyze!AT11 -> 21.5849 | AU11: =analyze!CA11 -> 16.2325 | AV11: =analyze!CB11 -> 0.2542 | AW11: =analyze!CC11 -> 0.3951
A12: =analyze!A12 -> Sell to Close | B12: =analyze!B12 -> 9.85 | C12: =analyze!C12 -> 38676.483 | D12: =analyze!D12 -> -0.1 | E12: =analyze!E12 -> 0 | F12: =analyze!F12 -> 0 | G12: =analyze!G12 -> 0 | H12: =analyze!H12 -> 0 | ... AT12: =analyze!AT12 -> 0 | AU12: =analyze!CA12 -> 0 | AV12: =analyze!CB12 -> 0 | AW12: =analyze!CC12 -> 0
... A402: =analyze!A402 -> 0 | B402: =analyze!B402 -> 0 | C402: =analyze!C402 -> 0 | D402: =analyze!D402 -> 0 | E402: =analyze!E402 -> 0 | F402: =analyze!F402 -> 0 | G402: =analyze!G402 -> 0 | H402: =analyze!H402 -> 0 | ... AT402: =analyze!AT402 -> 0 | AU402: =analyze!CA402 -> 0 | AV402: =analyze!CB402 -> 0 | AW402: =analyze!CC402 -> 0
C446: drsi<-8

Sheet raw data
B1: Strategy report
B2: Symbol: AAL
B3: Work Time: 5/11/20 9:45 AM - 5/18/20 2:37 PM
B6: Id | C6: Strategy | D6: Side | E6: Amount | F6: Price | G6: Date/Time | H6: Trade P/L | I6: P/L | J6: Position
B7: 1 | C7: cus_BVB_DVI(@ | D7: bto | F7: 9.82 | G7: 9.8 | H7: 9.765 | I7: 9.8 | J7: 9.79 | K7: 9.7609 | L7: 9.73 | M7: 9.73 | N7: 9.7398 | O7: 9.74 | P7: 9.735 | Q7: 9.725 | R7: 9.7381 | S7: 9.7719 | T7: 9.795 | U7: 10.085 | V7: 9.9619 | W7: 0.1535 | X7: 48.2988 | Y7: 40.023 | Z7: 43.5067 | AA7: 43.5067 | AB7: 39.5063 | AC7: -1.155 | AD7: -1.2343 | AE7: -1.1955 | AF7: -1.1955 | AG7: -1.1072 | AH7: 0 | AI7: 0 | AJ7: -0.9794 | AK7: -1.4123 | AL7: -1.216 | AM7: -1.2333 | AN7: -1.4337 | AO7: 1.3628 | AP7: 0.84 | AQ7: 0.8333 | AR7: 0.8367 | AS7: 1.3628 | AT7: 1.3519 | AU7: 1.3573 | AV7: 3093667.3 | AW7: 2990001.2 | AX7: 2967527.6 | AY7: 2604285.9 | AZ7: 0.0657 | BA7: 0.0661 | BB7: 0.0653 | BC7: 0.0576 | BD7: 43.5845 | BE7: 44.7622 | BF7: 46.6396 | BG7: 38.0729 | BH7: -0.0702 | BI7: -0.0775 | BJ7: -0.0971 | BK7: -0.0761 | BL7: 290.93 | BM7: 290.82 | BN7: -1442 | BO7: -1455 | BP7: -0.176 | BQ7: -0.478 | BR7: -62.8921 | BS7: -56.9117 | BT7: -43.5467 | BU7: 368.5387 | BV7: ) | BW7: Buy to Open | BX7: 1 | BY7: 9.82 | BZ7: 38676.406 | CB7: -0.02 | CC7: 1
B8: 2 | C8: cus_BVB_Stochastic(SLE) | D8: Sell to Close | E8: -1 | F8: 9.73 | G8: 38676.417 | H8: -0.1 | I8: -0.1 | J8: 0
B9: 3 | C9: cus_BVB_DVI(@ | D9: bto | F9: 9.821 | G9: 9.825 | H9: 9.83 | I9: 9.82 | J9: 9.825 | K9: 9.8219 | L9: 9.835 | M9: 9.825 | N9: 9.8281 | O9: 9.8301 | P9: 9.83 | Q9: 9.81 | R9: 9.771 | S9: 9.99 | T9: 10.1419 | U9: 9.9485 | V9: 10.085 | W9: 0.4361 | X9: 73.8257 | Y9: 67.8365 | Z9: 66.4443 | AA9: 61.171 | AB9: 58.9742 | AC9: -1.2664 | AD9: -1.368 | AE9: -1.4077 | AF9: -1.4521 | AG9: -1.466 | AH9: 1 | AI9: 0 | AJ9: -0.9385 | AK9: -1.1694 | AL9: -1.2388 | AM9: -1.3969 | AN9: -1.4492 | AO9: 1.7472 | AP9: 1 | AQ9: 0.6667 | AR9: 0.8333 | AS9: 1.7472 | AT9: 1.1648 | AU9: 1.456 | AV9: 2947999.3 | AW9: 2815090.3 | AX9: 2655983.7 | AY9: 2709576.2 | AZ9: 0.0277 | BA9: 0.0276 | BB9: 0.0294 | BC9: 0.0346 | BD9: 15.9791 | BE9: 14.5042 | BF9: 12.8436 | BG9: 14.7501 | BH9: 0.022 | BI9: 0.0189 | BJ9: 0.0142 | BK9: 0.0151 | BL9: 291.19 | BM9: 290.94 | BN9: -1478 | BO9: -1547 | BP9: 0.285 | BQ9: -0.364 | BR9: -147.9504 | BS9: -151.807 | BT9: -146.6981 | BU9: -116.3051 | BV9: ) | BW9: Buy to Open | BX9: 1 | BY9: 9.82 | BZ9: 38676.463 | CB9: -0.09 | CC9: 1
B10: 4 | C10: cus_BVB_DMI(DMI_LX) | D10: Sell to Close | E10: -1 | F10: 9.82 | G10: 38676.465 | H10: 0 | I10: -0.1 | J10: 0
B11: 5 | C11: cus_BVB_DVI(@ | D11: bto | F11: 9.85 | G11: 9.8701 | H11: 9.8781 | I11: 9.85 | J11: 9.855 | K11: 9.86 | L11: 9.89 | M11: 9.885 | N11: 9.875 | O11: 9.895 | P11: 9.9199 | Q11: 9.9262 | R11: 9.9581 | S11: 10.16 | T11: 10.065 | U11: 9.975 | V11: 9.9481 | W11: 0.4377 | X11: 73.8073 | Y11: 67.0806 | Z11: 61.8745 | AA11: 59.7129 | AB11: 57.5748 | AC11: -1.1135 | AD11: -1.2209 | AE11: -1.3034 | AF11: -1.3163 | AG11: -1.3677 | AH11: 1 | AI11: 0 | AJ11: -0.8656 | AK11: -1.0689 | AL11: -1.178 | AM11: -1.212 | AN11: -1.2607 | AO11: 1.8462 | AP11: 1 | AQ11: 1 | AR11: 1 | AS11: 1.8462 | AT11: 1.8462 | AU11: 1.8462 | AV11: 3147947.4 | AW11: 3007501.4 | AX11: 2722837.2 | AY11: 2764810.4 | AZ11: 0.0234 | BA11: 0.0231 | BB11: 0.0225 | BC11: 0.0212 | BD11: 21.0182 | BE11: 19.8735 | BF11: 21.5849 | BG11: 23.0714 | BH11: 0.0102 | BI11: 0.0069 | BJ11: 0.0002 | BK11: 0.0098 | BL11: 291.89 | BM11: 291.54 | BN11: -1386 | BO11: -1427 | BP11: 0.24 | BQ11: 0.14 | BR11: -163.3388 | BS11: -165.333 | BT11: -163.445 | BU11: -136.6705 | BV11: ) | BW11: Buy to Open | BX11: 1 | BY11: 9.85 | BZ11: 38676.481 | CB11: -0.08 | CC11: 1
B12: 6 | C12: cus_BVB_DMI(DMI_LX) | D12: Sell to Close | E12: -1 | F12: 9.85 | G12: 38676.483 | H12: 0 | I12: -0.1 | J12: 0
B13: 7 | C13: cus_BVB_DVI(@ | D13: bto | F13: 9.885 | G13: 9.885 | H13: 9.875 | I13: 9.895 | J13: 9.9199 | K13: 9.9345 | L13: 9.92 | M13: 9.91 | N13: 9.9138 | O13: 9.9262 | P13: 9.9281 | Q13: 9.975 | R13: 9.95 | S13: 10.1219 | T13: 10.02 | U13: 9.9019 | V13: 9.925 | W13: 0.3474 | X13: 72.3818 | Y13: 63.3361 | Z13: 61.4664 | AA13: 59.6367 | AB13: 78.1817 | AC13: -0.9751 | AD13: -1.0476 | AE13: -0.992 | AF13: -1.006 | AG13: -0.9752 | AH13: 1 | AI13: 0 | AJ13: -0.5678 | AK13: -0.8575 | AL13: -0.8949 | AM13: -0.9421 | AN13: -0.6772 | AO13: 1.2462 | AP13: 0.6568 | AQ13: 0.8225 | AR13: 0.7396 | AS13: 1.2462 | AT13: 1.5606 | AU13: 1.4034 | AV13: 3328993.2 | AW13: 3234191.4 | AX13: 3226426.8 | AY13: 2815499.2 | AZ13: 0.0255 | BA13: 0.0247 | BB13: 0.0239 | BC13: 0.0234 | BD13: 26.3285 | BE13: 25.1186 | BF13: 22.7279 | BG13: 20.4524 | BH13: 0.0198 | BI13: 0.0173 | BJ13: 0.0136 | BK13: 0.0016 | BL13: 291.9 | BM13: 291.82 | BN13: -1330 | BO13: -1384 | BP13: 0.174 | BQ13: -0.082 | BR13: -163.6523 | BS13: -163.6554 | BT13: -164.7106 | BU13: -140.0745 | BV13: ) | BW13: Buy to Open | BX13: 1 | BY13: 9.89 | BZ13: 38676.485 | CB13: -0.1 | CC13: 1
B14: 8 | C14: cus_BVB_DVI | D14: Sell to Close | E14: -1 | F14: 9.94 | G14: 38676.489 | H14: 0.05 | I14: -0.05 | J14: 0
B15: 9 | C15: cus_BVB_DVI(@ | D15: bto | F15: 9.925 | G15: 9.948 | H15: 9.9581 | I15: 9.975 | J15: 9.9795 | K15: 9.99 | L15: 9.9719 | M15: 9.9619 | N15: 9.95 | O15: 9.925 | P15: 9.95 | Q15: 10.03 | R15: 10.025 | S15: 10.195 | T15: 10.032 | U15: 9.91 | V15: 9.945 | W15: 0.2843 | X15: 65.0379 | Y15: 57.9349 | Z15: 69.2533 | AA15: 68.6824 | AB15: 64.9018 | AC15: -0.7341 | AD15: -0.7973 | AE15: -0.7393 | AF15: -0.7726 | AG15: -0.807 | AH15: 0 | AI15: 0 | AJ15: -0.126 | AK15: -0.3503 | AL15: -0.1714 | AM15: -0.2243 | AN15: -0.3326 | AO15: 1.0876 | AP15: 1 | AQ15: 0.5 | AR15: 0.75 | AS15: 1.0876 | AT15: 0.5438 | AU15: 0.8157 | AV15: 3644319.3 | AW15: 3561584.3 | AX15: 3500159.6 | AY15: 3275670.2 | AZ15: 0.0245 | BA15: 0.0249 | BB15: 0.0258 | BC15: 0.0246 | BD15: 35.926 | BE15: 35.6823 | BF15: 34.311 | BG15: 27.896 | BH15: 0.0273 | BI15: 0.0273 | BJ15: 0.0288 | BK15: 0.0211 | BL15: 291.78 | BM15: 291.79 | BN15: -1278 | BO15: -1316 | BP15: 0.106 | BQ15: 0.204 | BR15: -165.0613 | BS15: -165.9757 | BT15: -164.3867 | BU15: -151.807 | BV15: ) | BW15: Buy to Open | BX15: 1 | BY15: 9.93 | BZ15: 38676.494 | CB15: -0.02 | CC15: 1
B16: 10 | C16: cus_BVB_PSARX(PSARLX) | D16: Sell to Close | E16: -1 | F16: 9.92 | G16: 38676.5 | H16: -0.01 | I16: -0.05 | J16: 0
B17: 11 | C17: cus_BVB_DVI(@ | D17: bto | F17: 10.01 | G17: 10.03 | H17: 10.01 | I17: 10.0181 | J17: 10.035 | K17: 10.03 | L17: 10.025 | M17: 10.0104 | N17: 10.0031 | O17: 10.01 | P17: 10.0264 | Q17: 10.0999 | R17: 10.23 | S17: 10.1442 | T17: 10.005 | U17: 9.885 | V17: 9.91 | W17: 0.7744 | X17: 72.1336 | Y17: 65.35 | Z17: 59.8168 | AA17: 54.2506 | AB17: 54.2506 | AC17: -0.3664 | AD17: -0.4628 | AE17: -0.4869 | AF17: -0.5095 | AG17: -0.5093 | AH17: 0 | AI17: 0 | AJ17: 0.6439 | AK17: 0.3842 | AL17: 0.2326 | AM17: 0.0368 | AN17: -0.008 | AO17: 1.6582 | AP17: 0.5 | AQ17: 0.685 | AR17: 0.5925 | AS17: 1.6582 | AT17: 2.2718 | AU17: 1.965 | AV17: 4125271.3 | AW17: 3999128.8 | AX17: 3895959.8 | AY17: 4014926.5 | AZ17: 0.0272 | BA17: 0.0262 | BB17: 0.0264 | BC17: 0.026 | BD17: 36.0394 | BE17: 35.2902 | BF17: 39.5987 | BG17: 40.1094 | BH17: 0.026 | BI17: 0.0234 | BJ17: 0.0262 | BK17: 0.0334 | BL17: 291.89 | BM17: 291.9471 | BN17: -1198 | BO17: -1237 | BP17: 0.393 | BQ17: 0.138 | BR17: -161.7959 | BS17: -164.5722 | BT17: -163.7469 | BU17: -154.4497 | BV17: ) | BW17: Buy to Open | BX17: 1 | BY17: 10.01 | BZ17: 38676.503 | CB17: -0.03 | CC17: 1
B18: 12 | C18: cus_BVB_DMI(DMI_LX) | D18: Sell to Close | E18: -1 | F18: 10.17 | G18: 38676.519 | H18: 0.16 | I18: 0.11 | J18: 0
B19: 13 | C19: cus_BVB_DVI(@ | D19: sto | F19: 9.99 | G19: 9.99 | H19: 9.98 | I19: 10.0057 | J19: 10.0099 | K19: 10.03 | L19: 10.0349 | M19: 10.02 | N19: 10.005 | O19: 10.005 | P19: 10.0079 | Q19: 10.04 | R19: 10.055 | S19: 9.9485 | T19: 9.865 | U19: 9.945 | V19: 9.73 | W19: 0.2724 | X19: 33.8683 | Y19: 43.2268 | Z19: 47.0156 | AA19: 54.8995 | AB19: 31.8095 | AC19: 0.1774 | AD19: 0.2188 | AE19: 0.3017 | AF19: 0.3543 | AG19: 0.3986 | AH19: 0 | AI19: 0 | AJ19: -0.2385 | AK19: 0.0567 | AL19: 0.2242 | AM19: 0.4299 | AN19: 0.1293 | AO19: -0.7128 | AP19: -0.75 | AQ19: -0.5 | AR19: -0.625 | AS19: -0.7128 | AT19: -0.4752 | AU19: -0.594 | AV19: 4836620.5 | AW19: 4890841 | AX19: 4999302.8 | AY19: 5068102.4 | AZ19: 0.026 | BA19: 0.0249 | BB19: 0.0255 | BC19: 0.0252 | BD19: 23.6035 | BE19: 22.6111 | BF19: 22.762 | BG19: 30.4356 | BH19: -0.0148 | BI19: -0.0127 | BJ19: -0.0097 | BK19: -0.0183 | BL19: 293.747 | BM19: 293.79 | BN19: -730 | BO19: -742 | BP19: 0.096 | BQ19: 0.278 | BR19: -159.4489 | BS19: -152.8278 | BT19: -153.2234 | BU19: -135.3065 | BV19: ) | BW19: Sell to Open | BX19: -1 | BY19: 9.99 | BZ19: 38676.567 | CB19: 0.11 | CC19: -1
B20: 14 | C20: cus_BVB_Stochastic(StochasticSE) | D20: Buy to Close | E20: 1 | F20: 10.01 | G20: 38676.572 | H20: -0.02 | I20: 0.09 | J20: 0
B21: 15 | C21: cus_BVB_DVI(@ | D21: bto | F21: 9.935 | G21: 9.9381 | H21: 9.9319 | I21: 9.9 | J21: 9.915 | K21: 9.92 | L21: 9.925 | M21: 9.945 | N21: 9.945 | O21: 9.9519 | P21: 9.9683 | Q21: 9.975 | R21: 9.993 | S21: 9.96 | T21: 9.89 | U21: 9.735 | V21: 9.7 | W21: 0.7234 | X21: 68.8069 | Y21: 54.4319 | Z21: 56.4222 | AA21: 46.2158 | AB21: 49.0358 | AC21: 0.3142 | AD21: 0.2558 | AE21: 0.2558 | AF21: 0.2071 | AG21: 0.2237 | AH21: 0 | AI21: 0 | AJ21: -0.6714 | AK21: -0.9697 | AL21: -0.9566 | AM21: -1.133 | AN21: -1.1271 | AO21: 1.0035 | AP21: 0.6 | AQ21: 1 | AR21: 0.8 | AS21: 1.0035 | AT21: 1.6725 | AU21: 1.338 | AV21: 5015571.7 | AW21: 4939235.5 | AX21: 4918380.8 | AY21: 4924654.5 | AZ21: 0.0214 | BA21: 0.0196 | BB21: 0.0213 | BC21: 0.0223 | BD21: 24.3675 | BE21: 23.9569 | BF21: 29.9866 | BG21: 32.2482 | BH21: -0.0034 | BI21: -0.0075 | BJ21: -0.0127 | BK21: -0.018 | BL21: 293.46 | BM21: 293.46 | BN21: -763 | BO21: -750 | BP21: 0.376 | BQ21: -0.215 | BR21: -242.749 | BS21: -236.9596 | BT21: -222.6382 | BU21: -212.5653 | BV21: ) | BW21: Buy to Open | BX21: 1 | BY21: 9.94 | BZ21: 38676.645 | CB21: 0.09 | CC21: 1
B22: 16 | C22: cus_BSR_CX(stc@9.975) | D22: Sell to Close | E22: -1 | F22: 9.98 | G22: 38676.656 | H22: 0.04 | I22: 0.13 | J22: 0
B23: 17 | C23: cus_BVB_DVI(@ | D23: bto | F23: 10.03 | G23: 10.015 | H23: 10.015 | I23: 10.02 | J23: 10.045 | K23: 10.06 | L23: 10.0601 | M23: 10.06 | N23: 10.0135 | O23: 10.09 | P23: 10.07 | Q23: 10.152 | R23: 10.055 | S23: 9.9225 | T23: 9.8119 | U23: 9.7519 | V23: 9.6281 | W23: 0.3374 | X23: 85.2022 | Y23: 76.4152 | Z23: 70.1031 | AA23: 70.1031 | AB23: 66.5684 | AC23: 0.8058 | AD23: 0.6961 | AE23: 0.6256 | AF23: 0.533 | AG23: 0.4271 | AH23: 0 | AI23: 0 | AJ23: 0.4127 | AK23: 0.1684 | AL23: 0.0638 | AM23: 0.0021 | AN23: -0.0479 | AO23: 1.8859 | AP23: 0.75 | AQ23: 0.75 | AR23: 0.75 | AS23: 1.8859 | AT23: 1.8859 | AU23: 1.8859 | AV23: 5658694.8 | AW23: 5515234 | AX23: 5163355 | AY23: 5206995.9 | AZ23: 0.0207 | BA23: 0.0192 | BB23: 0.019 | BC23: 0.0197 | BD23: 35.3763 | BE23: 34.7346 | BF23: 37.7167 | BG23: 31.2482 | BH23: 0.0209 | BI23: 0.0192 | BJ23: 0.0217 | BK23: 0.0206 | BL23: 293.16 | BM23: 293.07 | BN23: -847 | BO23: -822 | BP23: 0.128 | BQ23: -0.204 | BR23: -282.9059 | BS23: -271.5798 | BT23: -253.9218 | BU23: -223.5456 | BV23: ) | BW23: Buy to Open | BX23: 1 | BY23: 10.03 | BZ23: 38676.663 | CB23: 0.12 | CC23: 1
B24: 18 | C24: cus_BVB_DMI(DMI_LX) | D24: Sell to Close | E24: -1 | F24: 10.06 | G24: 38706.397 | H24: 0.03 | I24: 0.16 | J24: 0
B25: 19 | C25: cus_BVB_DVI(@ | D25: bto | F25: 10.085 | G25: 10.1319 | H25: 10.1634 | I25: 10.189 | J25: 10.152 | K25: 10.0919 | L25: 10.105 | M25: 10.1 | N25: 10.0781 | O25: 10.055 | P25: 9.915 | Q25: 9.91 | R25: 9.9619 | S25: 9.945 | T25: 9.795 | U25: 9.75 | V25: 9.61 | W25: 0.1925 | X25: 66.4415 | Y25: 63.1462 | Z25: 71.4631 | AA25: 48.3203 | AB25: 86.006 | AC25: 0.8029 | AD25: 0.5496 | AE25: 0.7868 | AF25: 0.2911 | AG25: 0.4885 | AH25: 1 | AI25: 0 | AJ25: 0.8463 | AK25: 0.5973 | AL25: 0.7375 | AM25: -0.124 | AN25: 0.3142 | AO25: 4.0154 | AP25: 0.75 | AQ25: 0.5 | AR25: 0.625 | AS25: 4.0154 | AT25: 2.6769 | AU25: 3.3461 | AV25: 6389352.8 | AW25: 6248696.3 | AX25: 6129859.7 | AY25: 5599847.3 | AZ25: 0.0375 | BA25: 0.0374 | BB25: 0.0262 | BC25: 0.0206 | BD25: 31.9167 | BE25: 33.2704 | BF25: 39.3902 | BG25: 35.9721 | BH25: 0.0302 | BI25: 0.0289 | BJ25: 0.0274 | BK25: 0.0213 | BL25: 293.25 | BM25: 293.99 | BN25: 924 | BO25: 1279 | BP25: 0.245 | BQ25: 0.885 | BR25: 31.7317 | BS25: 34.9777 | BT25: -284.7546 | BU25: -228.433 | BV25: ) | BW25: Buy to Open | BX25: 1 | BY25: 10.09 | BZ25: 38706.4 | CB25: 0.21 | CC25: 1
B26: 20 | C26: cus_BVB_PSARX(PSARLX) | D26: Sell to Close | E26: -1 | F26: 10.07 | G26: 38706.406 | H26: -0.02 | I26: 0.15 | J26: 0
B27: 21 | C27: cus_BVB_DVI(@ | D27: sto | F27: 9.915 | G27: 9.9501 | H27: 9.99 | I27: 9.96 | J27: 9.895 | K27: 9.91 | L27: 9.8881 | M27: 9.928 | N27: 9.9277 | O27: 9.9253 | P27: 9.9619 | Q27: 9.99 | R27: 9.91 | S27: 9.9028 | T27: 9.84 | U27: 9.71 | V27: 9.6173 | W27: 0.7289 | X27: 24.7344 | Y27: 42.7194 | Z27: 51.7952 | AA27: 66.4415 | AB27: 86.1344 | AC27: 0.0319 | AD27: 0.6125 | AE27: 0.9458 | AF27: 0.8029 | AG27: 0.3356 | AH27: 0 | AI27: 1 | AJ27: -0.632 | AK27: 0.6615 | AL27: 0.9666 | AM27: 0.8463 | AN27: 0.3384 | AO27: -9.2023 | AP27: -0.8065 | AQ27: -1 | AR27: -0.9032 | AS27: -9.2023 | AT27: -11.4108 | AU27: -10.3066 | AV27: 5961249.2 | AW27: 6283600.8 | AX27: 6468686.6 | AY27: 6389352.8 | AZ27: 0.0532 | BA27: 0.0454 | BB27: 0.0465 | BC27: 0.0375 | BD27: 27.7852 | BE27: 26.5421 | BF27: 33.222 | BG27: 31.9167 | BH27: 0.0106 | BI27: 0.0266 | BJ27: 0.0431 | BK27: 0.0302 | BL27: 292.62 | BM27: 293.13 | BN27: 62 | BO27: 729 | BP27: -0.715 | BQ27: -0.257 | BR27: 10.649 | BS27: 34.6268 | BT27: 31.7317 | BU27: -243.2238 | BV27: ) | BW27: Sell to Open | BX27: -1 | BY27: 9.91 | BZ27: 38706.407 | CB27: 0.11 | CC27: -1
B28: 22 | C28: cus_BVB_DVI | D28: Buy to Close | E28: 1 | F28: 9.96 | G28: 38706.409 | H28: -0.04 | I28: 0.1 | J28: 0
B29: 23 | C29: cus_BVB_DVI(@ | D29: sto | F29: 9.9 | G29: 9.91 | H29: 9.8881 | I29: 9.928 | J29: 9.9277 | K29: 9.9253 | L29: 9.9619 | M29: 9.95 | N29: 10.01 | O29: 10.0206 | P29: 9.9999 | Q29: 9.945 | R29: 9.905 | S29: 9.88 | T29: 9.86 | U29: 9.71 | V29: 9.645 | W29: 0.4094 | X29: 30.2512 | Y29: 37.0212 | Z29: 42.7194 | AA29: 67.5478 | AB29: 63.1462 | AC29: -0.3464 | AD29: -0.093 | AE29: 0.6125 | AF29: 1.2479 | AG29: 0.5496 | AH29: 0 | AI29: 1 | AJ29: -0.6901 | AK29: -0.0698 | AL29: 0.6615 | AM29: 1.5353 | AN29: 0.5973 | AO29: -4.0169 | AP29: -0.3292 | AQ29: -0.9611 | AR29: -0.6452 | AS29: -4.0169 | AT29: -11.7264 | AU29: -7.8716 | AV29: 5751228.1 | AW29: 5891938.5 | AX29: 6283600.8 | AY29: 6636400 | AZ29: 0.0584 | BA29: 0.0554 | BB29: 0.0454 | BC29: 0.0416 | BD29: 29.3307 | BE29: 28.4411 | BF29: 26.5421 | BG29: 35.1933 | BH29: -0.0195 | BI29: -0.0098 | BJ29: 0.0266 | BK29: 0.0475 | BL29: 292.25 | BM29: 292.95 | BN29: -226 | BO29: 401 | BP29: -0.509 | BQ29: -0.431 | BR29: -7.2228 | BS29: 29.6819 | BT29: 38.2514 | BU29: -243.4527 | BV29: ) | BW29: Sell to Open | BX29: -1 | BY29: 9.9 | BZ29: 38706.41 | CB29: 0.09 | CC29: -1
B30: 24 | C30: cus_BVB_PSARX(PSARSX) | D30: Buy to Close | E30: 1 | F30: 10.01 | G30: 38706.415 | H30: -0.11 | I30: 0 | J30: 0
B31: 25 | C31: cus_BVB_DVI(@ | D31: sto | F31: 9.7099 | G31: 9.7019 | H31: 9.7 | I31: 9.71 | J31: 9.7019 | K31: 9.7181 | L31: 9.712 | M31: 9.72 | N31: 9.72 | O31: 9.7481 | P31: 9.725 | Q31: 9.755 | R31: 9.7081 | S31: 9.7422 | T31: 9.6581 | U31: 9.6694 | V31: 9.2019 | W31: 0.5502 | X31: 25.3325 | Y31: 34.734 | Z31: 44.512 | AA31: 55.1319 | AB31: 40.5768 | AC31: -3.4084 | AD31: -3.0123 | AE31: -2.7149 | AF31: -2.7844 | AG31: -2.8248 | AH31: 0 | AI31: 1 | AJ31: -2.692 | AK31: -2.4457 | AL31: -2.1406 | AM31: -1.9491 | AN31: -2.156 | AO31: -6.2785 | AP31: -1 | AQ31: -0.3333 | AR31: -0.6667 | AS31: -6.2785 | AT31: -2.0928 | AU31: -4.1857 | AV31: 4051186.6 | AW31: 4271118.6 | AX31: 4436242.6 | AY31: 4397627.2 | AZ31: 0.022 | BA31: 0.0214 | BB31: 0.0228 | BC31: 0.0234 | BD31: 29.387 | BE31: 27.519 | BF31: 23.5648 | BG31: 24.2095 | BH31: -0.0164 | BI31: -0.0135 | BJ31: -0.0084 | BK31: -0.0121 | BL31: 292.38 | BM31: 292.48 | BN31: -405 | BO31: -426 | BP31: -0.328 | BQ31: -0.116 | BR31: -19.0004 | BS31: -23.5449 | BT31: -15.6321 | BU31: -11.3702 | BV31: ) | BW31: Sell to Open | BX31: -1 | BY31: 9.71 | BZ31: 38706.505 | CB31: 0.01 | CC31: -1
B32: 26 | C32: cus_BVB_DMI(DMI_SX) | D32: Buy to Close | E32: 1 | F32: 9.7 | G32: 38706.508 | H32: 0.01 | I32: 0.01 | J32: 0
B33: 27 | C33: cus_BVB_DVI(@ | D33: sto | F33: 9.71 | G33: 9.71 | H33: 9.71 | I33: 9.705 | J33: 9.7019 | K33: 9.7119 | L33: 9.715 | M33: 9.7167 | N33: 9.7119 | O33: 9.72 | P33: 9.7099 | Q33: 9.685 | R33: 9.6681 | S33: 9.675 | T33: 9.635 | U33: 9.3134 | V33: 8.9 | W33: 0.4593 | X33: 29.5576 | Y33: 39.6394 | Z33: 28.1179 | AA33: 47.8232 | AB33: 51.385 | AC33: -4.3505 | AD33: -4.0585 | AE33: -3.7504 | AF33: -3.4979 | AG33: -3.3566 | AH33: 0 | AI33: 1 | AJ33: -2.5959 | AK33: -2.4342 | AL33: -2.4908 | AM33: -2.3107 | AN33: -2.1594 | AO33: -4.6278 | AP33: -1 | AQ33: -0.57 | AR33: -0.785 | AS33: -4.6278 | AT33: -2.6378 | AU33: -3.6328 | AV33: 3528120 | AW33: 3690229 | AX33: 3861301 | AY33: 4001467 | AZ33: 0.0154 | BA33: 0.0151 | BB33: 0.0149 | BC33: 0.0139 | BD33: 21.6643 | BE33: 21.5128 | BF33: 22.3359 | BG33: 23.0796 | BH33: -0.0085 | BI33: -0.0071 | BJ33: -0.0036 | BK33: 0.0045 | BL33: 292.08 | BM33: 292.03 | BN33: -467 | BO33: -429 | BP33: -0.459 | BQ33: -0.792 | BR33: -30.6653 | BS33: -22.3823 | BT33: -8.1274 | BU33: -24.6646 | BV33: ) | BW33: Sell to Open | BX33: -1 | BY33: 9.71 | BZ33: 38706.547 | CB33: 0.01 | CC33: -1
B34: 28 | C34: cus_BVB_PSARX(PSARSX) | D34: Buy to Close | E34: 1 | F34: 9.72 | G34: 38706.553 | H34: -0.01 | I34: 0 | J34: 0
B35: 29 | C35: cus_BVB_DVI(@ | D35: bto | F35: 9.47 | G35: 9.495 | H35: 9.4 | I35: 9.4 | J35: 9.37 | K35: 9.355 | L35: 9.365 | M35: 9.315 | N35: 9.2981 | O35: 9.3134 | P35: 9.325 | Q35: 9.3299 | R35: 9.3399 | S35: 9.1847 | T35: 8.956 | U35: 9.0692 | V35: 9.075 | W35: 0.29 | X35: 66.4564 | Y35: 59.718 | Z35: 57.8445 | AA35: 53.7845 | AB35: 52.938 | AC35: -0.9855 | AD35: -1.2297 | AE35: -1.285 | AF35: -1.2777 | AG35: -1.4464 | AH35: 0 | AI35: 0 | AJ35: -0.0521 | AK35: -0.5205 | AL35: -0.525 | AM35: -0.6854 | AN35: -0.6654 | AO35: 2.8228 | AP35: 1 | AQ35: 0.5385 | AR35: 0.7692 | AS35: 2.8228 | AT35: 1.5199 | AU35: 2.1713 | AV35: 2239288.9 | AW35: 2047247.9 | AX35: 2015775.2 | AY35: 1527114.4 | AZ35: 0.0574 | BA35: 0.0568 | BB35: 0.0609 | BC35: 0.0537 | BD35: 31.373 | BE35: 33.011 | BF35: 42.4375 | BG35: 45.5267 | BH35: -0.0277 | BI35: -0.0383 | BJ35: -0.0727 | BK35: -0.1019 | BL35: 285.03 | BM35: 284.51 | BN35: -1424 | BO35: -1567 | BP35: 0.172 | BQ35: -0.2 | BR35: -75.5077 | BS35: -80.0355 | BT35: -71.1377 | BU35: -179.0754 | BV35: ) | BW35: Buy to Open | BX35: 1 | BY35: 9.47 | BZ35: 5/13/20 9:49 AM | CB35: 0.02 | CC35: 1
B36: 30 | C36: cus_BVB_PSARX(PSARLX) | D36: Sell to Close | E36: -1 | F36: 9.35 | G36: 5/13/20 9:54 AM | H36: -0.12 | I36: -0.12 | J36: 0
B37: 31 | C37: cus_BVB_DVI(@ | D37: sto | F37: 9.205 | G37: 9.2041 | H37: 9.2099 | I37: 9.2 | J37: 9.21 | K37: 9.25 | L37: 9.29 | M37: 9.25 | N37: 9.3 | O37: 9.31 | P37: 9.29 | Q37: 9.17 | R37: 9.1715 | S37: 9.0677 | T37: 9.08 | U37: 9.1109 | V37: 9.0152 | W37: 0.6881 | X37: 21.7193 | Y37: 28.5365 | Z37: 56.0342 | AA37: 53.194 | AB37: 45.8601 | AC37: -2.389 | AD37: -1.9454 | AE37: -1.3591 | AF37: -1.3537 | AG37: -1.4178 | AH37: 0 | AI37: 1 | AJ37: -3.016 | AK37: -2.502 | AL37: -1.3132 | AM37: -1.5409 | AN37: -1.8378 | AO37: -5.129 | AP37: -0.86 | AQ37: -0.8967 | AR37: -0.8783 | AS37: -5.129 | AT37: -5.3476 | AU37: -5.2383 | AV37: 1135465.8 | AW37: 1484405.7 | AX37: 1945506.9 | AY37: 1949739.3 | AZ37: 0.0441 | BA37: 0.0429 | BB37: 0.0423 | BC37: 0.0465 | BD37: 18.323 | BE37: 16.8601 | BF37: 16.8153 | BG37: 14.0289 | BH37: -0.0266 | BI37: -0.0183 | BJ37: 0.0023 | BK37: -0.0132 | BL37: 285.38 | BM37: 285.8 | BN37: -1521 | BO37: -1441 | BP37: -0.733 | BQ37: 0.06 | BR37: -132.9557 | BS37: -123.6685 | BT37: -113.5529 | BU37: -35.7039 | BV37: ) | BW37: Sell to Open | BX37: -1 | BY37: 9.21 | BZ37: 5/13/20 10:23 AM | CB37: -0.12 | CC37: -1
B38: 32 | C38: cus_BVB_PSARX(PSARSX) | D38: Buy to Close | E38: 1 | F38: 9.3 | G38: 5/13/20 10:31 AM | H38: -0.1 | I38: -0.22 | J38: 0
B39: 33 | C39: cus_BVB_DVI(@ | D39: sto | F39: 9.165 | G39: 9.1847 | H39: 9.175 | I39: 9.2199 | J39: 9.1628 | K39: 9.1715 | L39: 9.1581 | M39: 9.205 | N39: 9.2001 | O39: 9.1661 | P39: 9.1619 | Q39: 9.2059 | R39: 9.175 | S39: 8.91 | T39: 8.915 | U39: 9.0201 | V39: 8.99 | W39: 0.8257 | X39: 29.8441 | Y39: 34.9261 | Z39: 52.4102 | AA39: 43.0294 | AB39: 21.7193 | AC39: -3.2954 | AD39: -2.9907 | AE39: -2.2449 | AF39: -2.4118 | AG39: -2.389 | AH39: 0 | AI39: 1 | AJ39: -3.7675 | AK39: -3.5007 | AL39: -2.6473 | AM39: -2.7149 | AN39: -3.016 | AO39: -3.5231 | AP39: -0.3333 | AQ39: -0.8333 | AR39: -0.5833 | AS39: -3.5231 | AT39: -8.8078 | AU39: -6.1654 | AV39: 422594.7 | AW39: 662283.37 | AX39: 1248779.1 | AY39: 1117574.9 | AZ39: 0.0397 | BA39: 0.0382 | BB39: 0.0401 | BC39: 0.0392 | BD39: 18.1251 | BE39: 16.8461 | BF39: 17.4338 | BG39: 21.0212 | BH39: -0.0303 | BI39: -0.026 | BJ39: -0.018 | BK39: -0.0392 | BL39: 286.48 | BM39: 286.92 | BN39: -1298 | BO39: -1265 | BP39: -0.448 | BQ39: 0.339 | BR39: -139.0929 | BS39: -130.432 | BT39: -138.5533 | BU39: -78.6041 | BV39: ) | BW39: Sell to Open | BX39: -1 | BY39: 9.16 | BZ39: 5/13/20 10:38 AM | CB39: -0.24 | CC39: -1
B40: 34 | C40: cus_BSR_CX(btc@9.165) | D40: Buy to Close | E40: 1 | F40: 9.16 | G40: 5/13/20 10:39 AM | H40: 0 | I40: -0.22 | J40: 0
B41: 35 | C41: cus_BVB_DVI(@ | D41: sto | F41: 9.1645 | G41: 9.1715 | H41: 9.1581 | I41: 9.205 | J41: 9.2001 | K41: 9.1661 | L41: 9.1619 | M41: 9.1719 | N41: 9.175 | O41: 9.1998 | P41: 9.185 | Q41: 9.205 | R41: 9.12 | S41: 8.985 | T41: 8.97 | U41: 9.01 | V41: 9.015 | W41: 0.2831 | X41: 36.1629 | Y41: 46.7648 | Z41: 34.9261 | AA41: 57.5242 | AB41: 27.4761 | AC41: -3.1981 | AD41: -2.7204 | AE41: -2.9907 | AF41: -2.1784 | AG41: -2.6817 | AH41: 0 | AI41: 0 | AJ41: -3.7716 | AK41: -3.2148 | AL41: -3.5007 | AM41: -2.4567 | AN41: -2.9437 | AO41: -5.5227 | AP41: -0.9036 | AQ41: -1 | AR41: -0.9518 | AS41: -5.5227 | AT41: -6.1118 | AU41: -5.8173 | AV41: 499148.22 | AW41: 874878.34 | AX41: 662283.37 | AY41: 1301138.1 | AZ41: 0.0424 | BA41: 0.0411 | BB41: 0.0382 | BC41: 0.0409 | BD41: 19.483 | BE41: 19.7952 | BF41: 16.8461 | BG41: 17.8549 | BH41: -0.0339 | BI41: -0.0316 | BJ41: -0.026 | BK41: -0.021 | BL41: 286.28 | BM41: 286.75 | BN41: -1371 | BO41: -1271 | BP41: -0.479 | BQ41: -0.551 | BR41: -151.6437 | BS41: -137.2076 | BT41: -129.3303 | BU41: -84.1472 | BV41: ) | BW41: Sell to Open | BX41: -1 | BY41: 9.16 | BZ41: 5/13/20 10:42 AM | CB41: -0.23 | CC41: -1
B42: 36 | C42: cus_BVB_PSARX(PSARSX) | D42: Buy to Close | E42: 1 | F42: 9.19 | G42: 5/13/20 10:52 AM | H42: -0.02 | I42: -0.24 | J42: 0
B43: 37 | C43: cus_BVB_DVI(@ | D43: sto | F43: 8.98 | G43: 8.9783 | H43: 8.9442 | I43: 8.9219 | J43: 8.93 | K43: 8.945 | L43: 8.955 | M43: 8.96 | N43: 8.956 | O43: 8.925 | P43: 8.915 | Q43: 8.97 | R43: 9.03 | S43: 9.0081 | T43: 9.07 | U43: 8.99 | V43: 8.6481 | W43: 0.2108 | X43: 47.414 | Y43: 56.8618 | Z43: 72.9562 | AA43: 70.3029 | AB43: 42.3397 | AC43: -7.803 | AD43: -7.6214 | AE43: -6.971 | AF43: -7.4926 | AG43: -7.8675 | AH43: 0 | AI43: 0 | AJ43: -3.8541 | AK43: -3.4981 | AL43: -3.2427 | AM43: -4.0431 | AN43: -5.3746 | AO43: -2.0994 | AP43: -0.8571 | AQ43: -0.5714 | AR43: -0.7143 | AS43: -2.0994 | AT43: -1.3996 | AU43: -1.7495 | AV43: -3122534.7 | AW43: -2979707.2 | AX43: -2468182.4 | AY43: -2878427.2 | AZ43: 0.0457 | BA43: 0.0438 | BB43: 0.0402 | BC43: 0.0339 | BD43: 27.7504 | BE43: 29.3785 | BF43: 29.2538 | BG43: 22.8314 | BH43: 0.0215 | BI43: 0.0255 | BJ43: 0.0282 | BK43: -0.005 | BL43: 280.7 | BM43: 282.17 | BN43: -2319 | BO43: -2215 | BP43: -1.122 | BQ43: 0.35 | BR43: -363.1512 | BS43: -334.8621 | BT43: -330.7251 | BU43: -221.8385 | BV43: ) | BW43: Sell to Open | BX43: -1 | BY43: 8.98 | BZ43: 5/13/20 12:08 PM | CB43: -0.24 | CC43: -1
B44: 38 | C44: cus_BVB_PSARX(PSARSX) | D44: Buy to Close | E44: 1 | F44: 8.98 | G44: 5/13/20 12:24 PM | H44: 0 | I44: -0.24 | J44: 0
B45: 39 | C45: cus_BVB_DVI(@ | D45: sto | F45: 9 | G45: 8.955 | H45: 8.955 | I45: 8.975 | J45: 8.995 | K45: 9.02 | L45: 9.05 | M45: 9.045 | N45: 9.045 | O45: 8.99 | P45: 8.988 | Q45: 9.0081 | R45: 9.0743 | S45: 9.1194 | T45: 9.03 | U45: 8.6741 | V45: 9.03 | W45: 0.2788 | X45: 42.2571 | Y45: 47.6387 | Z45: 62.4812 | AA45: 67.9249 | AB45: 68.0479 | AC45: -8.5278 | AD45: -8.4815 | AE45: -8.4347 | AF45: -8.4657 | AG45: -8.2029 | AH45: 0 | AI45: 0 | AJ45: -3.6973 | AK45: -3.564 | AL45: -3.2067 | AM45: -3.1196 | AN45: -3.2959 | AO45: -0.5352 | AP45: -0.3333 | AQ45: -0.74 | AR45: -0.5367 | AS45: -0.5352 | AT45: -1.1881 | AU45: -0.8616 | AV45: -3692561.9 | AW45: -3656152.6 | AX45: -3619357.2 | AY45: -3643785.8 | AZ45: 0.0347 | BA45: 0.035 | BB45: 0.0386 | BC45: 0.0386 | BD45: 23.487 | BE45: 24.9586 | BF45: 29.7827 | BG45: 25.1747 | BH45: 0.0138 | BI45: 0.0176 | BJ45: 0.0278 | BK45: 0.0207 | BL45: 280.9301 | BM45: 281.47 | BN45: -2383 | BO45: -2369 | BP45: -0.493 | BQ45: 0.265 | BR45: -422.0552 | BS45: -409.5595 | BT45: -410.5716 | BU45: -311.3578 | BV45: ) | BW45: Sell to Open | BX45: -1 | BY45: 9 | BZ45: 5/13/20 12:43 PM | CB45: -0.2 | CC45: -1
B46: 40 | C46: cus_BVB_DMI(DMI_SX) | D46: Buy to Close | E46: 1 | F46: 8.98 | G46: 5/13/20 12:46 PM | H46: 0.02 | I46: -0.22 | J46: 0
B47: 41 | C47: cus_BVB_DVI(@ | D47: sto | F47: 9.14 | G47: 9.125 | H47: 9.1381 | I47: 9.1225 | J47: 9.1481 | K47: 9.1683 | L47: 9.15 | M47: 9.14 | N47: 9.1194 | O47: 9.08 | P47: 9.095 | Q47: 9.115 | R47: 9.1 | S47: 9.02 | T47: 9.0328 | U47: 8.505 | V47: 8.8619 | W47: 0.426 | X47: 43.4346 | Y47: 58.4794 | Z47: 74.1359 | AA47: 78.1062 | AB47: 64.3638 | AC47: -9.2462 | AD47: -8.9579 | AE47: -8.8077 | AF47: -8.97 | AG47: -9.1059 | AH47: 0 | AI47: 0 | AJ47: -2.3975 | AK47: -1.7791 | AL47: -1.4533 | AM47: -2.1453 | AN47: -2.5955 | AO47: -3.333 | AP47: -1 | AQ47: -0.75 | AR47: -0.875 | AS47: -3.333 | AT47: -2.4997 | AU47: -2.9163 | AV47: -4257586.1 | AW47: -4030834.1 | AX47: -3912737.2 | AY47: -4040411.7 | AZ47: 0.0387 | BA47: 0.0355 | BB47: 0.0355 | BC47: 0.0317 | BD47: 32.52 | BE47: 34.9965 | BF47: 33.5129 | BG47: 22.0721 | BH47: 0.0361 | BI47: 0.0433 | BJ47: 0.0506 | BK47: 0.0307 | BL47: 281.2514 | BM47: 281.91 | BN47: -2341 | BO47: -2335 | BP47: -0.535 | BQ47: 0.414 | BR47: -454.4275 | BS47: -447.2999 | BT47: -443.5485 | BU47: -409.9532 | BV47: ) | BW47: Sell to Open | BX47: -1 | BY47: 9.14 | BZ47: 5/13/20 1:25 PM | CB47: -0.21 | CC47: -1
B48: 42 | C48: cus_BVB_PSARX(PSARSX) | D48: Buy to Close | E48: 1 | F48: 9.11 | G48: 5/13/20 1:41 PM | H48: 0.03 | I48: -0.19 | J48: 0
B49: 43 | C49: cus_BVB_DVI(@ | D49: sto | F49: 8.985 | G49: 8.965 | H49: 8.99 | I49: 8.986 | J49: 8.9899 | K49: 8.98 | L49: 9 | M49: 9 | N49: 9.03 | O49: 9.0214 | P49: 9.03 | Q49: 9.02 | R49: 9.0039 | S49: 8.5858 | T49: 8.695 | U49: 8.86 | V49: 8.88 | W49: 0.5477 | X49: 31.3229 | Y49: 37.7517 | Z49: 40.8455 | AA49: 58.8072 | AB49: 44.5122 | AC49: -11.5658 | AD49: -11.3407 | AE49: -11.4097 | AF49: -11.1745 | AG49: -10.9081 | AH49: 0 | AI49: 1 | AJ49: -3.153 | AK49: -2.9636 | AL49: -3.0801 | AM49: -2.6987 | AN49: -3.1551 | AO49: -2.6019 | AP49: -0.6115 | AQ49: -0.5801 | AR49: -0.5958 | AS49: -2.6019 | AT49: -2.4679 | AU49: -2.5349 | AV49: -6081939.9 | AW49: -5904925.3 | AX49: -5959168.1 | AY49: -5774204.1 | AZ49: 0.0296 | BA49: 0.029 | BB49: 0.0299 | BC49: 0.0275 | BD49: 14.1399 | BE49: 14.743 | BF49: 18.5651 | BG49: 17.7638 | BH49: -0.0121 | BI49: -0.0091 | BJ49: -0.0019 | BK49: -0.0117 | BL49: 279.1 | BM49: 279.965 | BN49: -2498 | BO49: -2451 | BP49: -0.993 | BQ49: -0.413 | BR49: -590.32 | BS49: -577.4548 | BT49: -571.4774 | BU49: -531.4079 | BV49: ) | BW49: Sell to Open | BX49: -1 | BY49: 8.99 | BZ49: 5/13/20 3:26 PM | CB49: -0.17 | CC49: -1
B50: 44 | C50: cus_BVB_PSARX(PSARSX) | D50: Buy to Close | E50: 1 | F50: 9.03 | G50: 5/13/20 3:34 PM | H50: -0.04 | I50: -0.24 | J50: 0
B51: 45 | C51: cus_BVB_DVI(@ | D51: sto | F51: 8.4689 | G51: 8.4324 | H51: 8.3401 | I51: 8.41 | J51: 8.3319 | K51: 8.33 | L51: 8.395 | M51: 8.33 | N51: 8.2719 | O51: 8.2966 | P51: 8.269 | Q51: 8.4 | R51: 8.5481 | S51: 8.825 | T51: 8.783 | U51: 8.88 | V51: 8.92 | W51: 0.3184 | X51: 21.6889 | Y51: 24.2815 | Z51: 29.1165 | AA51: 41.5732 | AB51: 30.6334 | AC51: -2.6023 | AD51: -2.1324 | AE51: -1.3812 | AF51: -0.5643 | AG51: -0.4381 | AH51: 0 | AI51: 1 | AJ51: -2.9715 | AK51: -2.5688 | AL51: -1.5884 | AM51: 0.2457 | AN51: -0.5282 | AO51: -7.2095 | AP51: -0.8333 | AQ51: -0.3333 | AR51: -0.5833 | AS51: -7.2095 | AT51: -2.8838 | AU51: -5.0466 | AV51: -8697370.5 | AW51: -8185867.2 | AX51: -7368161 | AY51: -6478934.6 | AZ51: 0.0695 | BA51: 0.0702 | BB51: 0.0719 | BC51: 0.0741 | BD51: 40.7137 | BE51: 39.7595 | BF51: 37.66 | BG51: 36.0144 | BH51: -0.1106 | BI51: -0.1049 | BJ51: -0.0964 | BK51: -0.0744 | BL51: 277.76 | BM51: 278.29 | BN51: -2348 | BO51: -2327 | BP51: -1.04 | BQ51: -0.9 | BR51: -105.4348 | BS51: -93.4379 | BT51: -83.7047 | BU51: -590.9183 | BV51: ) | BW51: Sell to Open | BX51: -1 | BY51: 8.47 | BZ51: 5/14/20 9:50 AM | CB51: -0.2 | CC51: -1
B52: 46 | C52: cus_BVB_DMI(DMI_SX) | D52: Buy to Close | E52: 1 | F52: 8.34 | G52: 5/14/20 9:54 AM | H52: 0.13 | I52: -0.11 | J52: 0
B53: 47 | C53: cus_BVB_DVI(@ | D53: sto | F53: 8.5 | G53: 8.4677 | H53: 8.455 | I53: 8.45 | J53: 8.5 | K53: 8.5063 | L53: 8.49 | M53: 8.4919 | N53: 8.49 | O53: 8.53 | P53: 8.56 | Q53: 8.7486 | R53: 8.75 | S53: 9.0119 | T53: 8.7719 | U53: 8.885 | V53: 8.9952 | W53: 0.2004 | X53: 51.7111 | Y53: 60.9759 | Z53: 51.8571 | AA53: 63.6966 | AB53: 58.664 | AC53: -1.2152 | AD53: -1.1519 | AE53: -1.182 | AF53: -1.0673 | AG53: -1.6625 | AH53: 0 | AI53: 0 | AJ53: -2.5951 | AK53: -2.0774 | AL53: -2.5511 | AM53: -2.0161 | AN53: -2.6313 | AO53: -0.9718 | AP53: -0.5 | AQ53: -1 | AR53: -0.75 | AS53: -0.9718 | AT53: -1.9436 | AU53: -1.4577 | AV53: -7187457.8 | AW53: -7118510.3 | AX53: -7151307.7 | AY53: -7026452 | AZ53: 0.0647 | BA53: 0.0647 | BB53: 0.0646 | BC53: 0.0687 | BD53: 17.4884 | BE53: 18.1655 | BF53: 21.7943 | BG53: 28.8082 | BH53: -0.0004 | BI53: -0.0009 | BJ53: -0.0033 | BK53: -0.0122 | BL53: 277.66 | BM53: 277.26 | BN53: -2413 | BO53: -2422 | BP53: -0.358 | BQ53: -0.368 | BR53: -164.6361 | BS53: -156.8513 | BT53: -154.8276 | BU53: -59.5998 | BV53: ) | BW53: Sell to Open | BX53: -1 | BY53: 8.5 | BZ53: 5/14/20 10:22 AM | CB53: -0.08 | CC53: -1
B54: 48 | C54: cus_BVB_PSARX(PSARSX) | D54: Buy to Close | E54: 1 | F54: 8.54 | G54: 5/14/20 10:31 AM | H54: -0.04 | I54: -0.14 | J54: 0
B55: 49 | C55: cus_BVB_DVI(@ | D55: bto | F55: 8.8257 | G55: 8.75 | H55: 8.75 | I55: 8.747 | J55: 8.7427 | K55: 8.7663 | L55: 8.8151 | M55: 8.8267 | N55: 8.877 | O55: 8.87 | P55: 8.9065 | Q55: 9.015 | R55: 8.926 | S55: 8.783 | T55: 8.775 | U55: 8.85 | V55: 9.0319 | W55: 0.3449 | X55: 73.117 | Y55: 70.2957 | Z55: 59.117 | AA55: 79.3392 | AB55: 75.3402 | AC55: -0.0642 | AD55: -0.2765 | AE55: -0.5384 | AF55: -0.3122 | AG55: -0.4781 | AH55: 1 | AI55: 0 | AJ55: 0.558 | AK55: 0.09 | AL55: -1.1735 | AM55: -0.0781 | AN55: -0.5238 | AO55: 3.2571 | AP55: 0.625 | AQ55: 0.5 | AR55: 0.5625 | AS55: 3.2571 | AT55: 2.6057 | AU55: 2.9314 | AV55: -5934542 | AW55: -6165631.4 | AX55: -6591832.9 | AY55: -7154948.2 | AZ55: 0.072 | BA55: 0.0714 | BB55: 0.0595 | BC55: 0.0573 | BD55: 27.7324 | BE55: 26.0405 | BF55: 19.169 | BG55: 12.2754 | BH55: 0.0709 | BI55: 0.0603 | BJ55: 0.0305 | BK55: -0.0003 | BL55: 279.4001 | BM55: 278.12 | BN55: -1778 | BO55: -2183 | BP55: 0.748 | BQ55: 0.312 | BR55: -64.2031 | BS55: -128.5167 | BT55: -163.7069 | BU55: -105.4348 | BV55: ) | BW55: Buy to Open | BX55: 1 | BY55: 8.83 | BZ55: 5/14/20 10:40 AM | CB55: -0.22 | CC55: 1
B56: 50 | C56: cus_BVB_PSARX(PSARLX) | D56: Sell to Close | E56: -1 | F56: 8.74 | G56: 5/14/20 10:43 AM | H56: -0.09 | I56: -0.23 | J56: 0
B57: 51 | C57: cus_BVB_DVI(@ | D57: bto | F57: 8.82 | G57: 8.8267 | H57: 8.877 | I57: 8.87 | J57: 8.9065 | K57: 8.9019 | L57: 8.935 | M57: 9.01 | N57: 9.035 | O57: 9.015 | P57: 8.91 | Q57: 8.95 | R57: 9.105 | S57: 8.765 | T57: 8.815 | U57: 8.7901 | V57: 9.095 | W57: 0.2949 | X57: 68.6398 | Y57: 63.5691 | Z57: 60.8477 | AA57: 61.5929 | AB57: 62.0642 | AC57: -0.0962 | AD57: -0.1754 | AE57: -0.3105 | AF57: -0.1869 | AG57: -0.2774 | AH57: 0 | AI57: 0 | AJ57: 0.5405 | AK57: 0.0255 | AL57: -0.1494 | AM57: -0.2226 | AN57: -0.1745 | AO57: 1.2159 | AP57: 0.3532 | AQ57: 0.8182 | AR57: 0.5857 | AS57: 1.2159 | AT57: 2.8162 | AU57: 2.016 | AV57: -5969345.2 | AW57: -6055610.8 | AX57: -6112992.2 | AY57: -6385116.4 | AZ57: 0.0727 | BA57: 0.0724 | BB57: 0.074 | BC57: 0.0617 | BD57: 28.1743 | BE57: 27.7277 | BF57: 28.5471 | BG57: 21.3107 | BH57: 0.0729 | BI57: 0.07 | BJ57: 0.0725 | BK57: 0.0395 | BL57: 279.09 | BM57: 279.23 | BN57: -1840 | BO57: -1765 | BP57: 0.2 | BQ57: 0.408 | BR57: -86.478 | BS57: -72.4731 | BT57: -117.4699 | BU57: -119.8613 | BV57: ) | BW57: Buy to Open | BX57: 1 | BY57: 8.82 | BZ57: 5/14/20 10:46 AM | CB57: -0.22 | CC57: 1
B58: 52 | C58: cus_BVB_DVI | D58: Sell to Close | E58: -1 | F58: 8.87 | G58: 5/14/20 10:48 AM | H58: 0.05 | I58: -0.18 | J58: 0
B59: 53 | C59: cus_BVB_DVI(@ | D59: bto | F59: 8.9081 | G59: 8.9019 | H59: 8.935 | I59: 9.01 | J59: 9.035 | K59: 9.015 | L59: 8.91 | M59: 8.865 | N59: 8.8699 | O59: 8.925 | P59: 8.926 | Q59: 8.98 | R59: 9.09 | S59: 8.6908 | T59: 8.775 | U59: 8.8381 | V59: 9.09 | W59: 0.2839 | X59: 75.8108 | Y59: 72.5767 | Z59: 74.2695 | AA59: 69.7651 | AB59: 68.6398 | AC59: 0.5539 | AD59: 0.3599 | AE59: 0.2771 | AF59: 0.0125 | AG59: -0.0962 | AH59: 1 | AI59: 0 | AJ59: 1.2391 | AK59: 1.0105 | AL59: 1.2425 | AM59: 0.7633 | AN59: 0.5405 | AO59: 2.9758 | AP59: 0.8545 | AQ59: 0.4553 | AR59: 0.6549 | AS59: 2.9758 | AT59: 1.5857 | AU59: 2.2808 | AV59: -5261698.8 | AW59: -5472831.5 | AX59: -6055610.8 | AY59: -5934542 | AZ59: 0.0681 | BA59: 0.0697 | BB59: 0.0724 | BC59: 0.072 | BD59: 31.6381 | BE59: 30.4939 | BF59: 27.7277 | BG59: 27.7324 | BH59: 0.0865 | BI59: 0.0827 | BJ59: 0.07 | BK59: 0.0709 | BL59: 280.08 | BM59: 279 | BN59: -1546 | BO59: -1898 | BP59: 0.997 | BQ59: -0.014 | BR59: -34.6533 | BS59: -96.4259 | BT59: -64.2031 | BU59: -129.9808 | BV59: ) | BW59: Buy to Open | BX59: 1 | BY59: 8.91 | BZ59: 5/14/20 10:50 AM | CB59: -0.18 | CC59: 1
B60: 54 | C60: cus_BVB_DVI | D60: Sell to Close | E60: -1 | F60: 9.01 | G60: 5/14/20 10:53 AM | H60: 0.1 | I60: -0.08 | J60: 0
B61: 55 | C61: cus_BVB_DVI(@ | D61: bto | F61: 9.1029 | G61: 9.0979 | H61: 9.175 | I61: 9.065 | J61: 9.09 | K61: 9.0501 | L61: 9.0119 | M61: 9.03 | N61: 9.0519 | O61: 9.04 | P61: 9.11 | Q61: 9.0719 | R61: 8.86 | S61: 8.7971 | T61: 8.8 | U61: 8.92 | V61: 8.8016 | W61: 0.6689 | X61: 72.1076 | Y61: 60.2259 | Z61: 53.1264 | AA61: 66.322 | AB61: 66.8635 | AC61: 0.899 | AD61: 0.5456 | AE61: 0.4445 | AF61: 0.5747 | AG61: 0.5136 | AH61: 1 | AI61: 0 | AJ61: 3.2435 | AK61: 1.9574 | AL61: 1.4642 | AM61: 2.078 | AN61: 2.1558 | AO61: 5.4217 | AP61: 0.9259 | AQ61: 0.9259 | AR61: 0.9259 | AS61: 5.4217 | AT61: 5.4217 | AU61: 5.4217 | AV61: -4886069.1 | AW61: -5270729.3 | AX61: -5432085.7 | AY61: -5283031.4 | AZ61: 0.0788 | BA61: 0.0745 | BB61: 0.0769 | BC61: 0.0747 | BD61: 32.0752 | BE61: 31.7977 | BF61: 34.2878 | BG61: 39.3114 | BH61: 0.0734 | BI61: 0.0652 | BJ61: 0.0707 | BK61: 0.0996 | BL61: 280.77 | BM61: 280.02 | BN61: -824 | BO61: -1098 | BP61: 0.928 | BQ61: 0.405 | BR61: 75.8188 | BS61: 14.3615 | BT61: 15.3306 | BU61: -161.1128 | BV61: ) | BW61: Buy to Open | BX61: 1 | BY61: 9.1 | BZ61: 5/14/20 11:06 AM | CB61: -0.08 | CC61: 1
B62: 56 | C62: cus_BVB_DVI | D62: Sell to Close | E62: -1 | F62: 9.18 | G62: 5/14/20 11:08 AM | H62: 0.08 | I62: 0 | J62: 0
B63: 57 | C63: cus_BVB_DVI(@ | D63: bto | F63: 9.0942 | G63: 9.0501 | H63: 9.0119 | I63: 9.03 | J63: 9.0519 | K63: 9.04 | L63: 9.11 | M63: 9.1081 | N63: 9.13 | O63: 9.1801 | P63: 9.165 | Q63: 8.88 | R63: 8.783 | S63: 8.775 | T63: 8.7881 | U63: 8.95 | V63: 9.1 | W63: 0.1941 | X63: 60.964 | Y63: 58.6673 | Z63: 76.2025 | AA63: 70.7569 | AB63: 72.1076 | AC63: 1.2048 | AD63: 1.1242 | AE63: 1.3335 | AF63: 1.0478 | AG63: 0.899 | AH63: 1 | AI63: 0 | AJ63: 3.1222 | AK63: 2.8511 | AL63: 3.9585 | AM63: 3.1648 | AN63: 3.2435 | AO63: 1.2366 | AP63: 0.3325 | AQ63: 0.3278 | AR63: 0.3302 | AS63: 1.2366 | AT63: 1.219 | AU63: 1.2278 | AV63: -4553156.8 | AW63: -4640894.9 | AX63: -5270729.3 | AY63: -5432085.7 | AZ63: 0.0814 | BA63: 0.0812 | BB63: 0.0745 | BC63: 0.0782 | BD63: 33.1412 | BE63: 33.4322 | BF63: 31.7977 | BG63: 34.8655 | BH63: 0.0841 | BI63: 0.0851 | BJ63: 0.0652 | BK63: 0.0724 | BL63: 280.65 | BM63: 280.31 | BN63: -772 | BO63: -956 | BP63: -0.119 | BQ63: 0.449 | BR63: 60.1715 | BS63: 40.6995 | BT63: 0.9404 | BU63: -161.6381 | BV63: ) | BW63: Buy to Open | BX63: 1 | BY63: 9.09 | BZ63: 5/14/20 11:10 AM | CB63: -0.04 | CC63: 1
B64: 58 | C64: cus_BVB_DVI | D64: Sell to Close | E64: -1 | F64: 9.18 | G64: 5/14/20 11:19 AM | H64: 0.09 | I64: 0.09 | J64: 0
B65: 59 | C65: cus_BVB_DVI(@ | D65: sto | F65: 8.8081 | G65: 8.7919 | H65: 8.83 | I65: 8.783 | J65: 8.8381 | K65: 8.84 | L65: 8.82 | M65: 8.74 | N65: 8.75 | O65: 8.765 | P65: 8.785 | Q65: 8.635 | R65: 8.6702 | S65: 8.8122 | T65: 8.8897 | U65: 8.895 | V65: 9.09 | W65: 0.3159 | X65: 24.2081 | Y65: 28.8079 | Z65: 44.793 | AA65: 61.8187 | AB65: 50.4992 | AC65: 0.401 | AD65: 0.5291 | AE65: 1.2035 | AF65: 1.1418 | AG65: 0.9528 | AH65: 0 | AI65: 0 | AJ65: 0.0702 | AK65: 0.7231 | AL65: 2.4457 | AM65: 3.1205 | AN65: 2.2246 | AO65: -1.9664 | AP65: -0.4444 | AQ65: -0.9578 | AR65: -0.7011 | AS65: -1.9664 | AT65: -4.2375 | AU65: -3.1019 | AV65: -5428169.4 | AW65: -5288658.7 | AX65: -4554620.4 | AY65: -4621729.1 | AZ65: 0.0769 | BA65: 0.0759 | BB65: 0.073 | BC65: 0.0719 | BD65: 26.987 | BE65: 25.9837 | BF65: 27.51 | BG65: 28.4947 | BH65: -0.0202 | BI65: -0.0048 | BJ65: 0.0514 | BK65: 0.0604 | BL65: 279.7799 | BM65: 280.73 | BN65: -1291 | BO65: -755 | BP65: -0.567 | BQ65: -0.385 | BR65: -61.6869 | BS65: 68.9591 | BT65: 90.1152 | BU65: -97.3657 | BV65: ) | BW65: Sell to Open | BX65: -1 | BY65: 8.81 | BZ65: 5/14/20 11:27 AM | CB65: 0.1 | CC65: -1
B66: 60 | C66: cus_BVB_DVI | D66: Buy to Close | E66: 1 | F66: 8.78 | G66: 5/14/20 11:30 AM | H66: 0.03 | I66: 0.12 | J66: 0
B67: 61 | C67: cus_BVB_DVI(@ | D67: sto | F67: 8.73 | G67: 8.75 | H67: 8.765 | I67: 8.785 | J67: 8.7522 | K67: 8.7205 | L67: 8.6908 | M67: 8.675 | N67: 8.635 | O67: 8.64 | P67: 8.67 | Q67: 8.7 | R67: 8.8681 | S67: 8.8306 | T67: 8.95 | U67: 8.94 | V67: 9.0444 | W67: 0.2722 | X67: 28.3736 | Y67: 36.2419 | Z67: 31.99 | AA67: 35.5895 | AB67: 69.7026 | AC67: -0.0008 | AD67: 0.1641 | AE67: 0.4307 | AF67: 0.8612 | AG67: 1.5162 | AH67: 0 | AI67: 0 | AJ67: -0.657 | AK67: 0.204 | AL67: 0.4401 | AM67: 1.5989 | AN67: 3.8327 | AO67: -2.5304 | AP67: -0.7647 | AQ67: -0.8824 | AR67: -0.8235 | AS67: -2.5304 | AT67: -2.9197 | AU67: -2.725 | AV67: -5865492.8 | AW67: -5685965.9 | AX67: -5395786 | AY67: -4927140.3 | AZ67: 0.0819 | BA67: 0.0812 | BB67: 0.0772 | BC67: 0.0737 | BD67: 33.6324 | BE67: 32.277 | BF67: 28.7449 | BG67: 25.6979 | BH67: -0.0565 | BI67: -0.0497 | BJ67: -0.0384 | BK67: 0.023 | BL67: 280.05 | BM67: 279.92 | BN67: -1349 | BO67: -1300 | BP67: -0.306 | BQ67: 0.257 | BR67: -81.4274 | BS67: -57.3811 | BT67: 15.9944 | BU67: -101.9206 | BV67: ) | BW67: Sell to Open | BX67: -1 | BY67: 8.73 | BZ67: 5/14/20 11:34 AM | CB67: 0.1 | CC67: -1
B68: 62 | C68: cus_BVB_DMI(DMI_SX) | D68: Buy to Close | E68: 1 | F68: 8.76 | G68: 5/14/20 11:36 AM | H68: -0.03 | I68: 0.09 | J68: 0
B69: 63 | C69: cus_BVB_DVI(@ | D69: sto | F69: 8.755 | G69: 8.7205 | H69: 8.6908 | I69: 8.675 | J69: 8.635 | K69: 8.64 | L69: 8.67 | M69: 8.7 | N69: 8.723 | O69: 8.6702 | P69: 8.655 | Q69: 8.7981 | R69: 8.8399 | S69: 8.79 | T69: 8.96 | U69: 8.98 | V69: 9.05 | W69: 0.2953 | X69: 34.032 | Y69: 38.2175 | Z69: 36.2419 | AA69: 24.0025 | AB69: 33.9133 | AC69: -0.1233 | AD69: 0.0421 | AE69: 0.1641 | AF69: 0.2361 | AG69: 0.933 | AH69: 0 | AI69: 0 | AJ69: -0.6183 | AK69: -0.3663 | AL69: 0.204 | AM69: 0.0667 | AN69: 1.3872 | AO69: -2.5365 | AP69: -0.6514 | AQ69: -0.1457 | AR69: -0.3986 | AS69: -2.5365 | AT69: -0.5674 | AU69: -1.552 | AV69: -5998834.8 | AW69: -5818871.7 | AX69: -5685965.9 | AY69: -5607593.5 | AZ69: 0.0779 | BA69: 0.0785 | BB69: 0.0812 | BC69: 0.077 | BD69: 36.5424 | BE69: 36.2355 | BF69: 32.277 | BG69: 27.7588 | BH69: -0.0612 | BI69: -0.0603 | BJ69: -0.0497 | BK69: -0.0323 | BL69: 280.32 | BM69: 280.2 | BN69: -1499 | BO69: -1267 | BP69: -0.682 | BQ69: -0.102 | BR69: -125.2754 | BS69: -56.9142 | BT69: -67.5104 | BU69: -73.402 | BV69: ) | BW69: Sell to Open | BX69: -1 | BY69: 8.76 | BZ69: 5/14/20 11:38 AM | CB69: 0.12 | CC69: -1
B70: 64 | C70: cus_BVB_DMI(DMI_SX) | D70: Buy to Close | E70: 1 | F70: 8.68 | G70: 5/14/20 11:44 AM | H70: 0.08 | I70: 0.17 | J70: 0
B71: 65 | C71: cus_BVB_DVI(@ | D71: bto | F71: 8.79 | G71: 8.7981 | H71: 8.8681 | I71: 8.8619 | J71: 8.7971 | K71: 8.7881 | L71: 8.8399 | M71: 8.815 | N71: 8.775 | O71: 8.805 | P71: 8.7719 | Q71: 8.8319 | R71: 8.86 | S71: 8.7999 | T71: 9.0258 | U71: 8.97 | V71: 9.2381 | W71: 0.3449 | X71: 60.2338 | Y71: 51.2094 | Z71: 51.2094 | AA71: 45.3275 | AB71: 34.8563 | AC71: 0.0232 | AD71: -0.0485 | AE71: -0.0485 | AF71: -0.0174 | AG71: -0.1818 | AH71: 0 | AI71: 0 | AJ71: -0.0259 | AK71: -0.5177 | AL71: -0.5675 | AM71: -0.8666 | AN71: -1.3893 | AO71: 1.0992 | AP71: 0.3333 | AQ71: 1 | AR71: 0.6667 | AS71: 1.0992 | AT71: 3.2977 | AU71: 2.1984 | AV71: -5839406.5 | AW71: -5917394.5 | AX71: -6047711.7 | AY71: -6294730.7 | AZ71: 0.067 | BA71: 0.0668 | BB71: 0.0712 | BC71: 0.0748 | BD71: 33.3317 | BE71: 35.7741 | BF71: 40.0274 | BG71: 40.3914 | BH71: -0.0386 | BI71: -0.0477 | BJ71: -0.0657 | BK71: -0.0757 | BL71: 279.7093 | BM71: 279.53 | BN71: -1688 | BO71: -1744 | BP71: 0.152 | BQ71: -0.157 | BR71: -149.4571 | BS71: -186.4803 | BT71: -201.3521 | BU71: 29.3707 | BV71: ) | BW71: Buy to Open | BX71: 1 | BY71: 8.79 | BZ71: 5/14/20 11:52 AM | CB71: 0.17 | CC71: 1
B72: 66 | C72: cus_BVB_DVI | D72: Sell to Close | E72: -1 | F72: 8.84 | G72: 5/14/20 11:58 AM | H72: 0.05 | I72: 0.22 | J72: 0
B73: 67 | C73: cus_BVB_DVI(@ | D73: sto | F73: 8.78 | G73: 8.805 | H73: 8.7719 | I73: 8.755 | J73: 8.7881 | K73: 8.8399 | L73: 8.83 | M73: 8.8319 | N73: 8.85 | O73: 8.845 | P73: 8.84 | Q73: 8.85 | R73: 8.775 | S73: 8.7881 | T73: 8.89 | U73: 8.9919 | V73: 9.3 | W73: 0.167 | X73: 48.7726 | Y73: 56.2445 | Z73: 70.0276 | AA73: 51.2094 | AB73: 40.1921 | AC73: 0.292 | AD73: 0.383 | AE73: 0.3769 | AF73: -0.0485 | AG73: -0.2002 | AH73: 0 | AI73: 0 | AJ73: -0.1288 | AK73: 0.2956 | AL73: 0.5513 | AM73: -0.5675 | AN73: -0.9269 | AO73: -1.3963 | AP73: -0.8333 | AQ73: -0.6667 | AR73: -0.75 | AS73: -1.3963 | AT73: -1.117 | AU73: -1.2567 | AV73: -5546802.7 | AW73: -5447736.9 | AX73: -5454323.9 | AY73: -5917394.5 | AZ73: 0.0647 | BA73: 0.0651 | BB73: 0.0659 | BC73: 0.0689 | BD73: 22.6022 | BE73: 24.0026 | BF73: 29.5185 | BG73: 37.5984 | BH73: 0.0033 | BI73: 0.0049 | BJ73: -0.0066 | BK73: -0.0537 | BL73: 279.7698 | BM73: 280.61 | BN73: -1464 | BO73: -1415 | BP73: -0.255 | BQ73: 0.808 | BR73: -88.9215 | BS73: -64.7744 | BT73: -179.4549 | BU73: 60.1715 | BV73: ) | BW73: Sell to Open | BX73: -1 | BY73: 8.78 | BZ73: 5/14/20 12:00 PM | CB73: 0.19 | CC73: -1
B74: 68 | C74: cus_BVB_DVI | D74: Buy to Close | E74: 1 | F74: 8.78 | G74: 5/14/20 12:02 PM | H74: 0 | I74: 0.22 | J74: 0
B75: 69 | C75: cus_BVB_DVI(@ | D75: sto | F75: 8.7599 | G75: 8.7881 | H75: 8.8399 | I75: 8.83 | J75: 8.8319 | K75: 8.85 | L75: 8.845 | M75: 8.84 | N75: 8.8399 | O75: 8.86 | P75: 8.855 | Q75: 8.825 | R75: 8.8275 | S75: 8.87 | T75: 8.885 | U75: 9.01 | V75: 9.325 | W75: 0.2028 | X75: 45.0604 | Y75: 47.9384 | Z75: 61.4539 | AA75: 63.0194 | AB75: 34.8563 | AC75: 0.2558 | AD75: 0.3439 | AE75: 0.4979 | AF75: 0.1889 | AG75: -0.1818 | AH75: 0 | AI75: 0 | AJ75: -0.262 | AK75: -0.2012 | AL75: 0.5021 | AM75: 0.1298 | AN75: -1.3893 | AO75: -1.3527 | AP75: -0.6364 | AQ75: -0.2473 | AR75: -0.4418 | AS75: -1.3527 | AT75: -0.5256 | AU75: -0.9392 | AV75: -5586230.3 | AW75: -5490256.5 | AX75: -5322657.2 | AY75: -5659018.6 | AZ75: 0.0633 | BA75: 0.0639 | BB75: 0.0658 | BC75: 0.0658 | BD75: 18.6329 | BE75: 19.5497 | BF75: 24.8259 | BG75: 31.0638 | BH75: -0.0002 | BI75: 0.0026 | BJ75: 0.0028 | BK75: -0.0295 | BL75: 279.42 | BM75: 280.06 | BN75: -1514 | BO75: -1465 | BP75: -0.645 | BQ75: 0.439 | BR75: -107.796 | BS75: -79.0233 | BT75: -132.7876 | BU75: 47.2585 | BV75: ) | BW75: Sell to Open | BX75: -1 | BY75: 8.76 | BZ75: 5/14/20 12:03 PM | CB75: 0.19 | CC75: -1
B76: 70 | C76: cus_BVB_PSARX(PSARSX) | D76: Buy to Close | E76: 1 | F76: 8.85 | G76: 5/14/20 12:08 PM | H76: -0.09 | I76: 0.13 | J76: 0
B77: 71 | C77: cus_BVB_DVI(@ | D77: sto | F77: 8.78 | G77: 8.775 | H77: 8.82 | I77: 8.8275 | J77: 8.8306 | K77: 8.8173 | L77: 8.815 | M77: 8.795 | N77: 8.79 | O77: 8.7757 | P77: 8.775 | Q77: 8.7719 | R77: 8.825 | S77: 8.88 | T77: 8.85 | U77: 9.0319 | V77: 9.255 | W77: 0.237 | X77: 36.1047 | Y77: 50.4013 | Z77: 58.2138 | AA77: 58.2323 | AB77: 59.7564 | AC77: 0.5751 | AD77: 0.639 | AE77: 0.6747 | AF77: 0.6585 | AG77: 0.4758 | AH77: 0 | AI77: 0 | AJ77: -0.3527 | AK77: 0.2058 | AL77: 0.5337 | AM77: 0.5714 | AN77: 0.5455 | AO77: -0.9816 | AP77: -0.8333 | AQ77: -0.8267 | AR77: -0.83 | AS77: -0.9816 | AT77: -0.9737 | AU77: -0.9776 | AV77: -5238653.4 | AW77: -5169012.6 | AX77: -5130207.4 | AY77: -5147791.4 | AZ77: 0.0478 | BA77: 0.0469 | BB77: 0.0497 | BC77: 0.0543 | BD77: 13.0336 | BE77: 12.8273 | BF77: 15.0514 | BG77: 15.5408 | BH77: 0.006 | BI77: 0.0115 | BJ77: 0.0176 | BK77: 0.0152 | BL77: 280.35 | BM77: 280.2066 | BN77: -1310 | BO77: -1289 | BP77: -0.376 | BQ77: 0.033 | BR77: -57.4238 | BS77: -44.6295 | BT77: -70.125 | BU77: -69.6381 | BV77: ) | BW77: Sell to Open | BX77: -1 | BY77: 8.78 | BZ77: 5/14/20 12:20 PM | CB77: 0.14 | CC77: -1
B78: 72 | C78: cus_BVB_DVI | D78: Buy to Close | E78: 1 | F78: 8.78 | G78: 5/14/20 12:29 PM | H78: 0 | I78: 0.14 | J78: 0
B79: 73 | C79: cus_BVB_DVI(@ | D79: bto | F79: 8.9315 | G79: 8.92 | H79: 8.96 | I79: 8.95 | J79: 8.94 | K79: 8.94 | L79: 8.93 | M79: 8.91 | N79: 8.9 | O79: 8.925 | P79: 8.898 | Q79: 8.88 | R79: 8.9381 | S79: 8.853 | T79: 8.9 | U79: 9.1681 | V79: 9.155 | W79: 0.5235 | X79: 81.1226 | Y79: 69.4633 | Z79: 76.4059 | AA79: 59.3508 | AB79: 51.7359 | AC79: 0.7331 | AD79: 0.6172 | AE79: 0.654 | AF79: 0.5243 | AG79: 0.5305 | AH79: 1 | AI79: 0 | AJ79: 0.7918 | AK79: 0.1175 | AL79: 0.2229 | AM79: -0.1821 | AN79: -0.2607 | AO79: 1.7787 | AP79: 0.8 | AQ79: 0.8 | AR79: 0.8 | AS79: 1.7787 | AT79: 1.7787 | AU79: 1.7787 | AV79: -5066599.7 | AW79: -5192794.1 | AX79: -5302117.5 | AY79: -5222169.7 | AZ79: 0.0336 | BA79: 0.0285 | BB79: 0.0262 | BC79: 0.0309 | BD79: 15.2264 | BE79: 12.2347 | BF79: 8.6056 | BG79: 8.8334 | BH79: 0.0152 | BI79: 0.0067 | BJ79: -0.0056 | BK79: -0.0016 | BL79: 282.11 | BM79: 280.7289 | BN79: -929 | BO79: -1179 | BP79: 1.116 | BQ79: -0.053 | BR79: 31.1988 | BS79: -54.3915 | BT79: -34.0088 | BU79: -89.2765 | BV79: ) | BW79: Buy to Open | BX79: 1 | BY79: 8.93 | BZ79: 5/14/20 12:55 PM | CB79: 0.13 | CC79: 1
B80: 74 | C80: cus_BVB_DMI(DMI_LX) | D80: Sell to Close | E80: -1 | F80: 8.93 | G80: 5/14/20 12:59 PM | H80: 0 | I80: 0.14 | J80: 0
B81: 75 | C81: cus_BVB_DVI(@ | D81: bto | F81: 9.02 | G81: 8.9954 | H81: 9.0081 | I81: 8.985 | J81: 8.97 | K81: 9 | L81: 8.9919 | M81: 8.996 | N81: 9.005 | O81: 9.0243 | P81: 9.025 | Q81: 8.9 | R81: 8.89 | S81: 8.89 | T81: 8.9601 | U81: 9.105 | V81: 9.085 | W81: 0.3709 | X81: 78.611 | Y81: 74.2665 | Z81: 69.9222 | AA81: 66.1077 | AB81: 68.6888 | AC81: 0.7528 | AD81: 0.6451 | AE81: 0.6044 | AF81: 0.585 | AG81: 0.6212 | AH81: 0 | AI81: 0 | AJ81: 1.5989 | AK81: 1.3814 | AL81: 1.2172 | AM81: 1.0656 | AN81: 1.1668 | AO81: 1.6535 | AP81: 1 | AQ81: 0.3333 | AR81: 0.6667 | AS81: 1.6535 | AT81: 0.5512 | AU81: 1.1023 | AV81: -5045157.1 | AW81: -5162468.1 | AX81: -5210773.6 | AY81: -5348684.3 | AZ81: 0.0309 | BA81: 0.031 | BB81: 0.0314 | BC81: 0.035 | BD81: 38.7914 | BE81: 36.8629 | BF81: 30.6657 | BG81: 25.7355 | BH81: 0.0324 | BI81: 0.0287 | BJ81: 0.0213 | BK81: 0.0145 | BL81: 282.64 | BM81: 282.21 | BN81: -606 | BO81: -738 | BP81: 1.122 | BQ81: 0.273 | BR81: 74.4616 | BS81: 42.3601 | BT81: 50.3971 | BU81: -50.5179 | BV81: ) | BW81: Buy to Open | BX81: 1 | BY81: 9.02 | BZ81: 5/14/20 1:21 PM | CB81: 0.11 | CC81: 1
B82: 76 | C82: cus_BVB_DMI(DMI_LX) | D82: Sell to Close | E82: -1 | F82: 8.99 | G82: 5/14/20 1:24 PM | H82: -0.03 | I82: 0.11 | J82: 0
B83: 77 | C83: cus_BVB_DVI(@ | D83: bto | F83: 8.89 | G83: 8.9 | H83: 8.9141 | I83: 8.8919 | J83: 8.875 | K83: 8.91 | L83: 8.88 | M83: 8.88 | N83: 8.87 | O83: 8.88 | P83: 8.905 | Q83: 8.92 | R83: 8.97 | S83: 8.9601 | T83: 9.14 | U83: 9.125 | V83: 9.1681 | W83: 0.2579 | X83: 64.6445 | Y83: 51.1156 | Z83: 46.5245 | AA83: 36.3905 | AB83: 30.8455 | AC83: -0.2043 | AD83: -0.2754 | AE83: -0.309 | AF83: -0.309 | AG83: -0.3326 | AH83: 0 | AI83: 0 | AJ83: 0.3798 | AK83: -0.1847 | AL83: -0.3096 | AM83: -0.5102 | AN83: -0.5982 | AO83: 1.0907 | AP83: 1 | AQ83: 1 | AR83: 1 | AS83: 1.0907 | AT83: 1.0907 | AU83: 1.0907 | AV83: -6087059.9 | AW83: -6164445.9 | AX83: -6183202.4 | AY83: -6142135.6 | AZ83: 0.0316 | BA83: 0.0294 | BB83: 0.0287 | BC83: 0.0239 | BD83: 19.6561 | BE83: 19.8277 | BF83: 20.8764 | BG83: 17.6983 | BH83: -0.0161 | BI83: -0.0229 | BJ83: -0.0258 | BK83: -0.0177 | BL83: 281.9333 | BM83: 281.515 | BN83: -819 | BO83: -880 | BP83: 0.349 | BQ83: -0.422 | BR83: 3.5452 | BS83: -37.735 | BT83: 18.3538 | BU83: 74.4616 | BV83: ) | BW83: Buy to Open | BX83: 1 | BY83: 8.89 | BZ83: 5/14/20 2:11 PM | CB83: 0.12 | CC83: 1
B84: 78 | C84: cus_BSR_CX(stc@8.93) | D84: Sell to Close | E84: -1 | F84: 8.93 | G84: 5/14/20 2:28 PM | H84: 0.04 | I84: 0.15 | J84: 0
B85: 79 | C85: cus_BVB_DVI(@ | D85: bto | F85: 8.925 | G85: 8.92 | H85: 8.91 | I85: 8.93 | J85: 8.95 | K85: 8.94 | L85: 8.95 | M85: 8.97 | N85: 8.95 | O85: 8.98 | P85: 8.98 | Q85: 9.0098 | R85: 9.01 | S85: 9.0501 | T85: 9.0681 | U85: 9.1 | V85: 9.1481 | W85: 0.3918 | X85: 57.6274 | Y85: 40.9376 | Z85: 46.3465 | AA85: 44.1605 | AB85: 45.8199 | AC85: 0.4414 | AD85: 0.4015 | AE85: 0.4172 | AF85: 0.4172 | AG85: 0.4172 | AH85: 0 | AI85: 0 | AJ85: 0.928 | AK85: 0.5258 | AL85: 0.6456 | AM85: 0.5754 | AN85: 0.6431 | AO85: 0.6125 | AP85: 0.8 | AQ85: 0.8 | AR85: 0.8 | AS85: 0.6125 | AT85: 0.6125 | AU85: 0.6125 | AV85: -5384150.4 | AW85: -5427603.2 | AX85: -5410451.5 | AY85: -5414165.9 | AZ85: 0.031 | BA85: 0.0295 | BB85: 0.0319 | BC85: 0.0298 | BD85: 19.4698 | BE85: 20.6103 | BF85: 22.1397 | BG85: 23.0509 | BH85: -0.0028 | BI85: -0.0055 | BJ85: -0.0027 | BK85: 0.0127 | BL85: 281.515 | BM85: 281.15 | BN85: -881 | BO85: -899 | BP85: 0.418 | BQ85: -0.624 | BR85: 4.4431 | BS85: -9.0356 | BT85: 31.717 | BU85: 31.5268 | BV85: ) | BW85: Buy to Open | BX85: 1 | BY85: 8.93 | BZ85: 5/14/20 2:49 PM | CB85: 0.14 | CC85: 1
B86: 80 | C86: cus_BSR_CX(stc@8.92) | D86: Sell to Close | E86: -1 | F86: 8.92 | G86: 5/14/20 2:51 PM | H86: -0.01 | I86: 0.14 | J86: 0
B87: 81 | C87: cus_BVB_DVI(@ | D87: bto | F87: 9.01 | G87: 9.02 | H87: 9.01 | I87: 8.96 | J87: 8.99 | K87: 9.01 | L87: 9.01 | M87: 9 | N87: 8.97 | O87: 8.995 | P87: 8.99 | Q87: 8.99 | R87: 9.05 | S87: 9.165 | T87: 9.1401 | U87: 9.06 | V87: 9.1781 | W87: 0.57 | X87: 70.1099 | Y87: 66.4427 | Z87: 65.159 | AA87: 56.2664 | AB87: 66.2735 | AC87: 1.0971 | AD87: 1.0419 | AE87: 0.9435 | AF87: 0.8726 | AG87: 0.9079 | AH87: 1 | AI87: 0 | AJ87: 1.4926 | AK87: 1.3563 | AL87: 1.3473 | AM87: 1.0149 | AN87: 1.3167 | AO87: 0.8474 | AP87: 0.2842 | AQ87: 0.4035 | AR87: 0.3439 | AS87: 0.8474 | AT87: 1.2031 | AU87: 1.0253 | AV87: -4670384.4 | AW87: -4730508.8 | AX87: -4895158 | AY87: -5235499.3 | AZ87: 0.0291 | BA87: 0.0292 | BB87: 0.0304 | BC87: 0.0311 | BD87: 14.5648 | BE87: 13.8451 | BF87: 15.114 | BG87: 15.8486 | BH87: 0.0227 | BI87: 0.0206 | BJ87: 0.0168 | BK87: 0.0063 | BL87: 282.632 | BM87: 282.18 | BN87: -581 | BO87: -648 | BP87: 0.697 | BQ87: 0.295 | BR87: 80.8312 | BS87: 68.6059 | BT87: 30.0444 | BU87: 35.9791 | BV87: ) | BW87: Buy to Open | BX87: 1 | BY87: 9.01 | BZ87: 5/14/20 3:04 PM | CB87: 0.15 | CC87: 1
B88: 82 | C88: cus_BVB_PSARX(PSARLX) | D88: Sell to Close | E88: -1 | F88: 8.97 | G88: 5/14/20 3:07 PM | H88: -0.04 | I88: 0.1 | J88: 0
B89: 83 | C89: cus_BVB_DVI(@ | D89: bto | F89: 9.16 | G89: 9.12 | H89: 9.14 | I89: 9.1451 | J89: 9.16 | K89: 9.165 | L89: 9.15 | M89: 8.9719 | N89: 9.03 | O89: 9.04 | P89: 8.918 | Q89: 9.025 | R89: 9.1498 | S89: 9.1401 | T89: 9.1038 | U89: 9.215 | V89: 9.215 | W89: 0.3848 | X89: 69.7954 | Y89: 60.0028 | Z89: 65.6813 | AA89: 69.5836 | AB89: 58.6702 | AC89: 1.76 | AD89: 1.5135 | AE89: 1.5135 | AF89: 1.6518 | AG89: 1.4126 | AH89: 1 | AI89: 0 | AJ89: 2.4826 | AK89: 1.9962 | AL89: 2.1794 | AM89: 2.2608 | AN89: 1.8462 | AO89: 3.7823 | AP89: 0.8333 | AQ89: 0.6667 | AR89: 0.75 | AS89: 3.7823 | AT89: 3.0258 | AU89: 3.404 | AV89: -3948787.6 | AW89: -4217134.2 | AX89: -4339609.2 | AY89: -4668391.6 | AZ89: 0.036 | BA89: 0.0341 | BB89: 0.032 | BC89: 0.0345 | BD89: 15.5722 | BE89: 15.4123 | BF89: 14.6826 | BG89: 14.2281 | BH89: 0.0278 | BI89: 0.0239 | BJ89: 0.0171 | BK89: 0.007 | BL89: 284.7399 | BM89: 283.86 | BN89: 118 | BO89: -128 | BP89: 0.595 | BQ89: -0.064 | BR89: 271.6467 | BS89: 203.7889 | BT89: 117.2833 | BU89: 80.8312 | BV89: ) | BW89: Buy to Open | BX89: 1 | BY89: 9.16 | BZ89: 5/14/20 3:54 PM | CB89: 0.06 | CC89: 1
B90: 84 | C90: cus_BVB_DVI | D90: Sell to Close | E90: -1 | F90: 9.17 | G90: 5/14/20 3:58 PM | H90: 0.01 | I90: 0.11 | J90: 0
B91: 85 | C91: cus_BVB_DVI(@ | D91: sto | F91: 8.91 | G91: 8.88 | H91: 8.8016 | I91: 8.91 | J91: 9 | K91: 9.025 | L91: 9.1 | M91: 9.1401 | N91: 9.175 | O91: 9.09 | P91: 9.1498 | Q91: 9.08 | R91: 9.175 | S91: 9.2219 | T91: 9.15 | U91: 9.18 | V91: 9.165 | W91: 0.1949 | X91: 28.995 | Y91: 41.2827 | Z91: 64.936 | AA91: 69.7954 | AB91: 55.8543 | AC91: 1.0552 | AD91: 1.4022 | AE91: 1.9833 | AF91: 1.76 | AG91: 1.401 | AH91: 0 | AI91: 0 | AJ91: 0.8582 | AK91: 2.135 | AL91: 2.6375 | AM91: 2.4826 | AN91: 1.8646 | AO91: -4.6261 | AP91: -0.5778 | AQ91: -0.8333 | AR91: -0.7056 | AS91: -4.6261 | AT91: -6.6723 | AU91: -5.6492 | AV91: -3349016.3 | AW91: -3198598.8 | AX91: -3705683.1 | AY91: -3948787.6 | AZ91: 0.076 | BA91: 0.068 | BB91: 0.035 | BC91: 0.036 | BD91: 22.6346 | BE91: 21.1045 | BF91: 17.2915 | BG91: 15.5722 | BH91: -0.0113 | BI91: 0.0024 | BJ91: 0.0306 | BK91: 0.0278 | BL91: 282.4 | BM91: 284.27 | BN91: -1049 | BO91: 109 | BP91: -0.741 | BQ91: 0.346 | BR91: -39.6414 | BS91: 262.3312 | BT91: 271.6467 | BU91: 103.5494 | BV91: ) | BW91: Sell to Open | BX91: -1 | BY91: 8.91 | BZ91: 5/15/20 9:34 AM | CB91: 0.14 | CC91: -1
B92: 86 | C92: cus_BVB_DVI | D92: Buy to Close | E92: 1 | F92: 8.81 | G92: 5/15/20 9:36 AM | H92: 0.1 | I92: 0.21 | J92: 0
B93: 87 | C93: cus_BVB_DVI(@ | D93: bto | F93: 9.21 | G93: 9.2381 | H93: 9.2 | I93: 9.2219 | J93: 9.1645 | K93: 9.185 | L93: 9.22 | M93: 9.23 | N93: 9.275 | O93: 9.3 | P93: 9.29 | Q93: 9.1881 | R93: 9.2381 | S93: 9.095 | T93: 9.1177 | U93: 9.23 | V93: 9.1 | W93: 0.9661 | X93: 66.8732 | Y93: 52.3233 | Z93: 65.9558 | AA93: 67.6978 | AB93: 61.3668 | AC93: 4.1751 | AD93: 3.5484 | AE93: 3.6259 | AF93: 3.7216 | AG93: 3.6158 | AH93: 1 | AI93: 0 | AJ93: 3.4951 | AK93: 2.5788 | AL93: 2.9344 | AM93: 3.0226 | AN93: 2.6096 | AO93: 8.3549 | AP93: 0.8 | AQ93: 0.998 | AR93: 0.899 | AS93: 8.3549 | AT93: 10.4228 | AU93: 9.3889 | AV93: -1996682.7 | AW93: -2268343.5 | AX93: -2281577.7 | AY93: -2241534.9 | AZ93: 0.0568 | BA93: 0.0535 | BB93: 0.0573 | BC93: 0.063 | BD93: 14.6086 | BE93: 14.2498 | BF93: 14.0064 | BG93: 15.2328 | BH93: 0.0279 | BI93: 0.023 | BJ93: 0.0171 | BK93: -0.0038 | BL93: 284.58 | BM93: 284.93 | BN93: 485 | BO93: 252 | BP93: 0.324 | BQ93: 0.36 | BR93: 43.2944 | BS93: 31.4817 | BT93: 5.6527 | BU93: -35.5055 | BV93: ) | BW93: Buy to Open | BX93: 1 | BY93: 9.21 | BZ93: 5/15/20 10:21 AM | CB93: 0.24 | CC93: 1
B94: 88 | C94: cus_BVB_DVI | D94: Sell to Close | E94: -1 | F94: 9.22 | G94: 5/15/20 10:24 AM | H94: 0.01 | I94: 0.22 | J94: 0
B95: 89 | C95: cus_BVB_DVI(@ | D95: bto | F95: 9.27 | G95: 9.3 | H95: 9.29 | I95: 9.3219 | J95: 9.325 | K95: 9.27 | L95: 9.25 | M95: 9.1881 | N95: 9.259 | O95: 9.27 | P95: 9.235 | Q95: 9.29 | R95: 9.27 | S95: 9.1001 | T95: 9.165 | U95: 9.1818 | V95: 9.105 | W95: 0.7261 | X95: 67.5557 | Y95: 61.322 | Z95: 59.7962 | AA95: 54.1716 | AB95: 50.5713 | AC95: 4.1064 | AD95: 4.06 | AE95: 3.9291 | AF95: 3.7928 | AG95: 3.6491 | AH95: 0 | AI95: 0 | AJ95: 4.2926 | AK95: 3.8183 | AL95: 3.68 | AM95: 3.3093 | AN95: 3.128 | AO95: 0.6183 | AP95: 0.0526 | AQ95: 1 | AR95: 0.5263 | AS95: 0.6183 | AT95: 11.7469 | AU95: 6.1826 | AV95: -2026499.1 | AW95: -2046601.7 | AX95: -2079982.4 | AY95: -2234768.3 | AZ95: 0.058 | BA95: 0.0551 | BB95: 0.0568 | BC95: 0.0537 | BD95: 20.2037 | BE95: 18.3396 | BF95: 16.8574 | BG95: 14.7965 | BH95: 0.037 | BI95: 0.0327 | BJ95: 0.0352 | BK95: 0.025 | BL95: 284.11 | BM95: 284.19 | BN95: 437 | BO95: 419 | BP95: 0.46 | BQ95: -0.173 | BR95: 58.287 | BS95: 41.2418 | BT95: 39.7805 | BU95: -34.3958 | BV95: ) | BW95: Buy to Open | BX95: 1 | BY95: 9.27 | BZ95: 5/15/20 10:29 AM | CB95: 0.25 | CC95: 1
B96: 90 | C96: cus_BVB_DVI | D96: Sell to Close | E96: -1 | F96: 9.33 | G96: 5/15/20 10:32 AM | H96: 0.06 | I96: 0.27 | J96: 0
B97: 91 | C97: cus_BVB_DVI(@ | D97: bto | F97: 9.71 | G97: 9.6758 | H97: 9.6201 | I97: 9.6299 | J97: 9.6959 | K97: 9.6938 | L97: 9.67 | M97: 9.595 | N97: 9.61 | O97: 9.6009 | P97: 9.59 | Q97: 9.72 | R97: 9.6259 | S97: 9.4349 | T97: 9.63 | U97: 9.79 | V97: 9.7681 | W97: 0.1618 | X97: 84.0042 | Y97: 83.0207 | Z97: 91.9357 | AA97: 95.7753 | AB97: 95.2561 | AC97: -0.101 | AD97: -0.1975 | AE97: -0.2571 | AF97: -0.1032 | AG97: -0.3998 | AH97: 0 | AI97: 0 | AJ97: 0.0955 | AK97: -0.1754 | AL97: 0.3917 | AM97: 0.5819 | AN97: -0.0152 | AO97: 1.2179 | AP97: 0.3556 | AQ97: 0.3933 | AR97: 0.3744 | AS97: 1.2179 | AT97: 1.3473 | AU97: 1.2826 | AV97: -2711524.2 | AW97: -2885010 | AX97: -4227640.9 | AY97: -2343601.2 | AZ97: 0.0942 | BA97: 0.0946 | BB97: 0.0717 | BC97: 0.0212 | BD97: 30.2568 | BE97: 29.774 | BF97: 23.0806 | BG97: 16.977 | BH97: 0.1663 | BI97: 0.1549 | BJ97: 0.0399 | BK97: -0.0058 | BL97: 293.36 | BM97: 293.2302 | BN97: 2466 | BO97: 2473 | BP97: 0.972 | BQ97: 1.57 | BR97: 104.7471 | BS97: 83.305 | BT97: 43.655 | BU97: 27.1035 | BV97: ) | BW97: Buy to Open | BX97: 1 | BY97: 9.71 | BZ97: 5/18/20 9:36 AM | CB97: 0.24 | CC97: 1
B98: 92 | C98: cus_BSR_CX(stc@9.67) | D98: Sell to Close | E98: -1 | F98: 9.67 | G98: 5/18/20 9:38 AM | H98: -0.04 | I98: 0.23 | J98: 0
B99: 93 | C99: cus_BVB_DVI(@ | D99: sto | F99: 9.6683 | G99: 9.595 | H99: 9.61 | I99: 9.6009 | J99: 9.59 | K99: 9.6081 | L99: 9.6379 | M99: 9.7 | N99: 9.6999 | O99: 9.72 | P99: 9.6981 | Q99: 9.64 | R99: 9.6701 | S99: 9.425 | T99: 9.7 | U99: 9.8219 | V99: 9.79 | W99: 0.1895 | X99: 70.6494 | Y99: 75.1497 | Z99: 79.7781 | AA99: 95.2561 | AB99: 49.9875 | AC99: -0.2876 | AD99: -0.257 | AE99: -0.2335 | AF99: -0.3998 | AG99: 3.4778 | AH99: 0 | AI99: 0 | AJ99: -0.4112 | AK99: -0.1573 | AL99: -0.3894 | AM99: -0.0152 | AN99: 1.1317 | AO99: -0.3855 | AP99: -0.2 | AQ99: -0.8 | AR99: -0.5 | AS99: -0.3855 | AT99: -1.5421 | AU99: -0.9638 | AV99: -3046910 | AW99: -2991993.2 | AX99: -2949669.3 | AY99: -3248588.4 | AZ99: 0.086 | BA99: 0.0888 | BB99: 0.0909 | BC99: 0.0873 | BD99: 29.1014 | BE99: 29.435 | BF99: 30.7052 | BG99: 25.064 | BH99: 0.1607 | BI99: 0.1655 | BJ99: 0.1713 | BK99: 0.0802 | BL99: 293.91 | BM99: 293.9283 | BN99: 2474 | BO99: 2469 | BP99: 0.6 | BQ99: 1.152 | BR99: 121.1903 | BS99: 107.2636 | BT99: 84.7899 | BU99: 73.0557 | BV99: ) | BW99: Sell to Open | BX99: -1 | BY99: 9.67 | BZ99: 5/18/20 9:42 AM | CB99: 0.31 | CC99: -1
B100: 94 | C100: cus_BVB_PSARX(PSARSX) | D100: Buy to Close | E100: 1 | F100: 9.73 | G100: 5/18/20 9:51 AM | H100: -0.06 | I100: 0.18 | J100: 0
B101: 95 | C101: cus_BVB_DVI(@ | D101: bto | F101: 9.68 | G101: 9.655 | H101: 9.61 | I101: 9.6339 | J101: 9.665 | K101: 9.6181 | L101: 9.6241 | M101: 9.6119 | N101: 9.615 | O101: 9.57 | P101: 9.55 | Q101: 9.47 | R101: 9.4373 | S101: 9.665 | T101: 9.77 | U101: 9.935 | V101: 9.8419 | W101: 0.154 | X101: 56.0739 | Y101: 50.4016 | Z101: 53.4704 | AA101: 64.2749 | AB101: 57.4466 | AC101: -0.5368 | AD101: -0.5788 | AE101: -0.5402 | AF101: -0.3397 | AG101: -0.4034 | AH101: 1 | AI101: 0 | AJ101: -0.2501 | AK101: -0.5264 | AL101: -0.3584 | AM101: 0.1342 | AN101: -0.3034 | AO101: 0.5301 | AP101: 0.3356 | AQ101: 0.8364 | AR101: 0.586 | AS101: 0.5301 | AT101: 1.3212 | AU101: 0.9256 | AV101: -3494952.8 | AW101: -3570461.7 | AX101: -3307533.8 | AY101: -3368392.5 | AZ101: 0.0678 | BA101: 0.0684 | BB101: 0.0695 | BC101: 0.0709 | BD101: 15.0307 | BE101: 15.5088 | BF101: 17.0277 | BG101: 23.2445 | BH101: 0.0488 | BI101: 0.051 | BJ101: 0.063 | BK101: 0.1012 | BL101: 293.4101 | BM101: 293.26 | BN101: 2440 | BO101: 2444 | BP101: 0.721 | BQ101: 0.527 | BR101: 164.5759 | BS101: 152.061 | BT101: 142.0709 | BU101: -3.7872 | BV101: ) | BW101: Buy to Open | BX101: 1 | BY101: 9.68 | BZ101: 5/18/20 10:02 AM | CB101: 0.15 | CC101: 1
B102: 96 | C102: cus_BVB_PSARX(PSARLX) | D102: Sell to Close | E102: -1 | F102: 9.61 | G102: 5/18/20 10:04 AM | H102: -0.07 | I102: 0.11 | J102: 0
...

Sheet titled
AI1: relativestrength
F3: opened | G3: 1 | H3: 2 | I3: 3 | J3: 4 | K3: 5 | L3: 6 | M3: 7 | N3: 8 | O3: 9 | P3: 10 | Q3: 15 | R3: 20 | S3: 50 | T3: 100 | U3: 200 | V3: 300 | W3: goodvolume | X3: rsi | Y3: rsi-1 | Z3: rsi-2 | AA3: rsi-3 | AB3: rsi-4 | AC3: dvi | AD3: dvi-1 | AE3: dvi-2 | AF3: dvi-3 | AG3: dvi-4 | AH3: haspp | AI3: hasfp | AJ3: RS | AK3: rs-1 | AL3: rs-2 | AM3: rs-3 | AN3: rs-4 | AO3: gooddiffvol | AP3: dcandle close | AQ3: dcandleopen | AR3: dcandletotal | AS3: dvol close | AT3: dvol open | AU3: dvol t | AV3: accdis | AW3: accdis[1] | AX3: accdis[5] | AY3: accdis[10] | AZ3: atr | BA3: atr[1] | BB3: atr[5] | BC3: atr[10] | BD3: adc | BE3: adc[1] | BF3: adc[5] | BG3: adc[10] | BH3: macd | BI3: macd[1] | BJ3: macd[5] | BK3: macd[10] | BL3: spy | BM3: spy[5] | BN3: add | BO3: add[5] | BP3: tick/1000 | BQ3: tick[5]/1000 | BR3: vold/M | BS3: vold[5]/M | BT3: vold[10]/M | BU3: vold[50]/M
B6: ='raw data'!B8 -> 2 | C6: ='raw data'!C8 -> cus_BVB_Stochastic(SLE) | D6: ='raw data'!D8 -> Sell to Close | E6: ='raw data'!E8 -> -1 | F6: ='raw data'!F8 -> 9.73 | G6: ='raw data'!G8 -> 38676.417 | H6: ='raw data'!H8 -> -0.1 | I6: ='raw data'!I8 -> -0.1 | ... BV6: ='raw data'!BV8 -> 0
B7: ='raw data'!B9 -> 3 | C7: ='raw data'!C9 -> cus_BVB_DVI(@ | D7: ='raw data'!D9 -> bto | E7: ='raw data'!E9 -> 0 | F7: ='raw data'!F9 -> 9.821 | G7: ='raw data'!G9 -> 9.825 | H7: ='raw data'!H9 -> 9.83 | I7: ='raw data'!I9 -> 9.82 | ... BV7: ='raw data'!BV9 -> )
B8: ='raw data'!B10 -> 4 | C8: ='raw data'!C10 -> cus_BVB_DMI(DMI_LX) | D8: ='raw data'!D10 -> Sell to Close | E8: ='raw data'!E10 -> -1 | F8: ='raw data'!F10 -> 9.82 | G8: ='raw data'!G10 -> 38676.465 | H8: ='raw data'!H10 -> 0 | I8: ='raw data'!I10 -> -0.1 | ... BV8: ='raw data'!BV10 -> 0
B9: ='raw data'!B11 -> 5 | C9: ='raw data'!C11 -> cus_BVB_DVI(@ | D9: ='raw data'!D11 -> bto | E9: ='raw data'!E11 -> 0 | F9: ='raw data'!F11 -> 9.85 | G9: ='raw data'!G11 -> 9.8701 | H9: ='raw data'!H11 -> 9.8781 | I9: ='raw data'!I11 -> 9.85 | ... BV9: ='raw data'!BV11 -> )
B10: ='raw data'!B12 -> 6 | C10: ='raw data'!C12 -> cus_BVB_DMI(DMI_LX) | D10: ='raw data'!D12 -> Sell to Close | E10: ='raw data'!E12 -> -1 | F10: ='raw data'!F12 -> 9.85 | G10: ='raw data'!G12 -> 38676.483 | H10: ='raw data'!H12 -> 0 | I10: ='raw data'!I12 -> -0.1 | ... BV10: ='raw data'!BV12 -> 0
B11: ='raw data'!B13 -> 7 | C11: ='raw data'!C13 -> cus_BVB_DVI(@ | D11: ='raw data'!D13 -> bto | E11: ='raw data'!E13 -> 0 | F11: ='raw data'!F13 -> 9.885 | G11: ='raw data'!G13 -> 9.885 | H11: ='raw data'!H13 -> 9.875 | I11: ='raw data'!I13 -> 9.895 | ... BV11: ='raw data'!BV13 -> )
B12: ='raw data'!B14 -> 8 | C12: ='raw data'!C14 -> cus_BVB_DVI | D12: ='raw data'!D14 -> Sell to Close | E12: ='raw data'!E14 -> -1 | F12: ='raw data'!F14 -> 9.94 | G12: ='raw data'!G14 -> 38676.489 | H12: ='raw data'!H14 -> 0.05 | I12: ='raw data'!I14 -> -0.05 | ... BV12: ='raw data'!BV14 -> 0
B13: ='raw data'!B15 -> 9 | C13: ='raw data'!C15 -> cus_BVB_DVI(@ | D13: ='raw data'!D15 -> bto | E13: ='raw data'!E15 -> 0 | F13: ='raw data'!F15 -> 9.925 | G13: ='raw data'!G15 -> 9.948 | H13: ='raw data'!H15 -> 9.9581 | I13: ='raw data'!I15 -> 9.975 | ... BV13: ='raw data'!BV15 -> )
B14: ='raw data'!B16 -> 10 | C14: ='raw data'!C16 -> cus_BVB_PSARX(PSARLX) | D14: ='raw data'!D16 -> Sell to Close | E14: ='raw data'!E16 -> -1 | F14: ='raw data'!F16 -> 9.92 | G14: ='raw data'!G16 -> 38676.5 | H14: ='raw data'!H16 -> -0.01 | I14: ='raw data'!I16 -> -0.05 | ... BV14: ='raw data'!BV16 -> 0
B15: ='raw data'!B17 -> 11 | C15: ='raw data'!C17 -> cus_BVB_DVI(@ | D15: ='raw data'!D17 -> bto | E15: ='raw data'!E17 -> 0 | F15: ='raw data'!F17 -> 10.01 | G15: ='raw data'!G17 -> 10.03 | H15: ='raw data'!H17 -> 10.01 | I15: ='raw data'!I17 -> 10.0181 | ... BV15: ='raw data'!BV17 -> )
B16: ='raw data'!B18 -> 12 | C16: ='raw data'!C18 -> cus_BVB_DMI(DMI_LX) | D16: ='raw data'!D18 -> Sell to Close | E16: ='raw data'!E18 -> -1 | F16: ='raw data'!F18 -> 10.17 | G16: ='raw data'!G18 -> 38676.519 | H16: ='raw data'!H18 -> 0.16 | I16: ='raw data'!I18 -> 0.11 | ... BV16: ='raw data'!BV18 -> 0
B17: ='raw data'!B19 -> 13 | C17: ='raw data'!C19 -> cus_BVB_DVI(@ | D17: ='raw data'!D19 -> sto | E17: ='raw data'!E19 -> 0 | F17: ='raw data'!F19 -> 9.99 | G17: ='raw data'!G19 -> 9.99 | H17: ='raw data'!H19 -> 9.98 | I17: ='raw data'!I19 -> 10.0057 | ... BV17: ='raw data'!BV19 -> )
... B738: ='raw data'!B740 -> 0 | C738: ='raw data'!C740 -> 0 | D738: ='raw data'!D740 -> 0 | E738: ='raw data'!E740 -> 0 | F738: ='raw data'!F740 -> 0 | G738: ='raw data'!G740 -> 0 | H738: ='raw data'!H740 -> 0 | I738: ='raw data'!I740 -> 0 | ... BV738: ='raw data'!BV740 -> 0
